MATCHUP,WL,MIN,FGM,FGA,FG_PCT,FG3M,FG3A,FG3_PCT,FTM,FTA,FT_PCT,OREB,DREB,REB,AST,STL,BLK,TOV,PF,PTS,PLUS_MINUS,PLAYER_NAME
@LAL,W,24,1,3,0.333,0,1,0.0,0,0,0.0,1,4,5,2,1,2,2,1,2,9,Christian Braun
MIA,W,20,1,2,0.5,0,0,0.0,0,1,0.0,1,1,2,1,1,1,0,3,2,2,Christian Braun
SAC,W,20,2,8,0.25,1,6,0.167,0,0,0.0,0,3,3,0,1,0,0,2,5,-13,Christian Braun
@GSW,W,20,3,7,0.429,1,2,0.5,0,0,0.0,2,1,3,0,1,1,0,1,7,-1,Christian Braun
@POR,W,20,1,5,0.2,0,2,0.0,1,2,0.5,0,2,2,4,0,0,2,1,3,6,Christian Braun
WAS,W,23,5,8,0.625,1,2,0.5,1,3,0.333,4,6,10,1,2,0,1,2,12,10,Christian Braun
SAC,L,23,1,6,0.167,1,2,0.5,2,4,0.5,2,1,3,2,1,1,0,3,5,1,Christian Braun
@MIL,L,22,2,7,0.286,0,3,0.0,3,4,0.75,0,5,5,0,2,0,0,2,7,-7,Christian Braun
@SAC,L,27,4,8,0.5,1,2,0.5,4,4,1.0,2,1,3,1,0,1,1,3,13,-13,Christian Braun
@LAL,W,13,1,3,0.333,1,1,1.0,0,0,0.0,1,0,1,1,0,1,0,0,3,-9,Christian Braun
POR,W,28,1,4,0.25,0,0,0.0,2,3,0.667,2,1,3,2,1,0,0,0,4,18,Christian Braun
POR,W,8,1,2,0.5,0,1,0.0,0,0,0.0,1,1,2,0,0,0,1,1,2,-7,Christian Braun
@OKC,L,16,4,7,0.571,2,4,0.5,0,0,0.0,1,4,5,0,1,0,0,0,10,-12,Christian Braun
MIL,W,17,0,1,0.0,0,0,0.0,0,0,0.0,2,4,6,1,0,0,0,2,0,10,Christian Braun
PHI,W,17,0,2,0.0,0,1,0.0,2,2,1.0,0,0,0,2,0,0,0,2,2,0,Christian Braun
@NYK,L,15,1,4,0.25,0,1,0.0,2,2,1.0,1,2,3,0,0,0,1,1,4,-10,Christian Braun
@IND,W,15,1,3,0.333,0,2,0.0,0,0,0.0,3,1,4,0,1,1,0,0,2,-1,Christian Braun
@WAS,W,21,1,3,0.333,0,0,0.0,0,0,0.0,2,4,6,2,0,1,1,3,2,-9,Christian Braun
@BOS,W,5,0,2,0.0,0,2,0.0,0,0,0.0,0,0,0,0,0,0,0,0,0,-7,Christian Braun
@PHI,L,18,3,5,0.6,2,3,0.667,3,3,1.0,0,4,4,0,0,1,0,3,11,3,Christian Braun
IND,W,15,1,5,0.2,0,1,0.0,0,2,0.0,0,2,2,0,0,0,0,1,2,-5,Christian Braun
NOP,W,17,1,4,0.25,1,4,0.25,1,2,0.5,1,5,6,0,0,0,3,2,4,7,Christian Braun
@UTA,L,17,2,4,0.5,1,2,0.5,0,0,0.0,0,3,3,1,1,0,1,1,5,-5,Christian Braun
DET,W,21,3,5,0.6,0,1,0.0,1,2,0.5,0,3,3,1,0,1,0,0,7,6,Christian Braun
ORL,L,16,2,4,0.5,1,3,0.333,1,2,0.5,1,3,4,0,0,0,1,0,6,-2,Christian Braun
@GSW,W,18,1,4,0.25,0,2,0.0,0,0,0.0,0,0,0,1,1,1,1,3,2,-5,Christian Braun
CHA,W,24,3,6,0.5,1,3,0.333,2,3,0.667,1,3,4,2,1,2,1,1,9,-11,Christian Braun
OKC,L,17,0,3,0.0,0,2,0.0,4,4,1.0,0,3,3,1,0,0,1,1,4,-6,Christian Braun
MEM,W,23,4,8,0.5,1,2,0.5,2,4,0.5,0,3,3,4,1,0,0,0,11,13,Christian Braun
GSW,W,11,2,4,0.5,2,2,1.0,0,2,0.0,0,0,0,1,0,0,1,3,6,-22,Christian Braun
@CHA,W,18,3,7,0.429,2,3,0.667,3,3,1.0,2,5,7,1,0,2,1,1,11,-8,Christian Braun
@BKN,W,16,0,3,0.0,0,1,0.0,2,2,1.0,0,0,0,1,0,0,0,1,2,-12,Christian Braun
@TOR,W,17,1,4,0.25,1,2,0.5,0,0,0.0,1,2,3,2,1,0,0,0,3,-6,Christian Braun
DAL,W,20,2,4,0.5,0,1,0.0,2,3,0.667,0,4,4,1,0,0,1,4,6,19,Christian Braun
OKC,L,25,5,10,0.5,2,5,0.4,2,2,1.0,0,2,2,1,1,0,1,3,14,1,Christian Braun
BKN,W,24,4,10,0.4,1,3,0.333,1,1,1.0,1,3,4,2,0,2,1,0,10,7,Christian Braun
@CHI,W,23,4,6,0.667,2,4,0.5,3,4,0.75,1,1,2,2,0,1,3,1,13,-16,Christian Braun
@ATL,W,11,2,3,0.667,0,0,0.0,2,2,1.0,0,2,2,1,0,0,0,2,6,-2,Christian Braun
HOU,L,14,1,4,0.25,0,2,0.0,0,0,0.0,0,1,1,1,2,0,1,3,2,-9,Christian Braun
@LAC,L,16,4,6,0.667,0,1,0.0,0,0,0.0,1,4,5,0,0,1,0,3,8,-17,Christian Braun
@SAC,L,17,5,10,0.5,1,2,0.5,0,0,0.0,0,3,3,2,1,1,1,1,11,0,Christian Braun
@PHX,W,22,4,6,0.667,0,0,0.0,0,0,0.0,1,3,4,4,1,0,1,0,8,5,Christian Braun
HOU,W,19,4,7,0.571,1,2,0.5,2,2,1.0,1,2,3,1,0,0,2,2,11,0,Christian Braun
@LAC,W,12,0,4,0.0,0,1,0.0,0,0,0.0,1,1,2,2,0,0,0,4,0,-19,Christian Braun
SAS,W,25,1,5,0.2,0,1,0.0,3,4,0.75,1,3,4,4,0,0,0,1,5,0,Christian Braun
@HOU,L,26,3,9,0.333,0,0,0.0,1,1,1.0,0,3,3,0,0,0,0,1,7,-2,Christian Braun
@ORL,L,21,4,7,0.571,2,2,1.0,3,3,1.0,1,6,7,1,0,0,3,4,13,-13,Christian Braun
@DET,W,32,5,10,0.5,2,2,1.0,3,4,0.75,1,5,6,2,1,1,2,2,15,21,Christian Braun
@CLE,L,25,6,11,0.545,1,1,1.0,0,0,0.0,0,2,2,0,0,0,0,1,13,3,Christian Braun
@NOP,L,30,11,19,0.579,3,5,0.6,0,1,0.0,2,7,9,3,0,0,0,1,25,3,Christian Braun
LAC,W,20,5,6,0.833,0,0,0.0,0,0,0.0,0,1,1,1,0,0,0,3,10,-3,Christian Braun
@HOU,L,14,0,4,0.0,0,2,0.0,0,0,0.0,1,0,1,0,0,0,1,1,0,-11,Christian Braun
GSW,W,16,1,3,0.333,1,2,0.5,1,2,0.5,0,2,2,2,0,0,0,1,4,-8,Christian Braun
NOP,W,18,1,5,0.2,0,1,0.0,4,6,0.667,0,0,0,1,0,0,0,1,6,4,Christian Braun
CHI,W,18,4,8,0.5,1,3,0.333,1,2,0.5,1,4,5,4,1,0,0,1,10,-3,Christian Braun
DAL,W,15,3,4,0.75,0,0,0.0,3,3,1.0,2,3,5,0,1,0,1,3,9,-5,Christian Braun
@MIN,L,20,4,8,0.5,0,1,0.0,0,0,0.0,3,6,9,2,0,1,1,3,8,-3,Christian Braun
UTA,W,30,4,8,0.5,1,2,0.5,0,0,0.0,1,7,8,2,1,0,1,0,9,6,Christian Braun
@OKC,W,21,4,9,0.444,0,2,0.0,5,5,1.0,1,6,7,7,1,1,0,2,13,25,Christian Braun
@MEM,W,19,2,6,0.333,1,4,0.25,0,2,0.0,1,3,4,2,1,0,1,1,5,0,Christian Braun
LAL,W,19,2,5,0.4,0,1,0.0,1,2,0.5,1,2,3,2,0,1,1,1,5,5,Christian Braun
@LAL,W,37,10,10,1.0,5,5,1.0,0,0,0.0,0,10,10,4,1,1,1,0,25,4,Michael Porter Jr
MIA,W,38,12,23,0.522,4,10,0.4,2,2,1.0,2,9,11,3,2,2,2,2,30,1,Michael Porter Jr
SAC,W,24,5,11,0.455,2,6,0.333,2,2,1.0,0,5,5,1,0,1,3,3,14,35,Michael Porter Jr
@GSW,W,32,3,11,0.273,1,6,0.167,2,2,1.0,0,7,7,1,1,0,0,1,9,8,Michael Porter Jr
@POR,W,34,13,21,0.619,5,10,0.5,3,3,1.0,4,8,12,1,1,1,0,3,34,17,Michael Porter Jr
WAS,W,31,9,16,0.563,2,7,0.286,2,2,1.0,5,6,11,2,0,0,2,2,22,10,Michael Porter Jr
SAC,L,37,8,17,0.471,3,7,0.429,0,0,0.0,1,3,4,2,0,0,1,0,19,-10,Michael Porter Jr
@MIL,L,31,3,11,0.273,2,8,0.25,3,3,1.0,3,3,6,4,1,0,2,2,11,-16,Michael Porter Jr
@LAL,W,38,11,20,0.55,4,7,0.571,1,1,1.0,1,7,8,2,0,1,1,1,27,6,Michael Porter Jr
POR,W,24,4,10,0.4,2,6,0.333,2,2,1.0,3,2,5,3,0,3,3,1,12,-2,Michael Porter Jr
POR,W,35,5,14,0.357,3,10,0.3,0,0,0.0,0,4,4,1,0,0,1,0,13,8,Michael Porter Jr
@OKC,L,39,6,17,0.353,3,9,0.333,0,0,0.0,1,7,8,2,1,0,0,4,15,-16,Michael Porter Jr
MIL,W,37,6,14,0.429,1,3,0.333,0,0,0.0,2,6,8,0,0,0,1,2,13,-1,Michael Porter Jr
PHI,W,35,8,19,0.421,4,12,0.333,0,0,0.0,3,5,8,2,0,0,1,2,20,18,Michael Porter Jr
@NYK,L,22,2,4,0.5,0,0,0.0,1,1,1.0,3,3,6,0,0,0,2,2,5,-29,Michael Porter Jr
@IND,W,31,2,9,0.222,1,5,0.2,0,0,0.0,0,4,4,1,0,1,0,1,5,7,Michael Porter Jr
@WAS,W,32,8,14,0.571,3,7,0.429,0,0,0.0,0,5,5,0,2,2,3,2,19,13,Michael Porter Jr
@BOS,W,37,5,9,0.556,1,4,0.25,2,3,0.667,4,4,8,0,0,0,1,3,13,6,Michael Porter Jr
@PHI,L,34,6,12,0.5,4,8,0.5,4,5,0.8,0,5,5,0,1,0,1,3,20,-12,Michael Porter Jr
IND,W,37,9,15,0.6,7,11,0.636,0,0,0.0,0,8,8,5,1,2,1,1,25,13,Michael Porter Jr
NOP,W,33,8,12,0.667,2,5,0.4,2,3,0.667,1,9,10,1,1,1,1,2,20,14,Michael Porter Jr
@UTA,L,24,2,9,0.222,1,3,0.333,0,0,0.0,1,3,4,1,0,0,1,2,5,-18,Michael Porter Jr
DET,W,28,7,12,0.583,1,5,0.2,3,3,1.0,0,1,1,2,0,0,1,1,18,29,Michael Porter Jr
ORL,L,31,9,14,0.643,4,6,0.667,0,0,0.0,0,3,3,1,2,0,0,2,22,6,Michael Porter Jr
@GSW,W,30,3,6,0.5,2,5,0.4,0,0,0.0,0,4,4,0,0,0,0,3,8,5,Michael Porter Jr
CHA,W,31,8,17,0.471,4,11,0.364,2,2,1.0,1,7,8,1,0,0,1,1,22,33,Michael Porter Jr
OKC,L,31,4,12,0.333,2,8,0.25,2,2,1.0,0,6,6,1,0,1,0,1,12,-10,Michael Porter Jr
MEM,W,23,3,6,0.5,2,3,0.667,0,0,0.0,0,4,4,0,0,1,2,3,8,28,Michael Porter Jr
GSW,W,40,8,17,0.471,3,10,0.3,0,0,0.0,0,10,10,1,0,4,0,1,19,23,Michael Porter Jr
@CHA,W,31,8,14,0.571,5,8,0.625,1,2,0.5,1,4,5,1,1,2,1,2,22,15,Michael Porter Jr
@BKN,W,34,6,10,0.6,3,5,0.6,0,0,0.0,0,4,4,3,0,1,1,1,15,13,Michael Porter Jr
@TOR,W,33,5,13,0.385,2,7,0.286,0,0,0.0,1,5,6,2,1,0,0,1,12,10,Michael Porter Jr
DAL,W,23,3,8,0.375,2,3,0.667,0,0,0.0,2,2,4,1,0,0,2,1,8,13,Michael Porter Jr
OKC,L,32,8,18,0.444,4,8,0.5,0,0,0.0,0,11,11,0,0,0,1,0,20,1,Michael Porter Jr
BKN,W,23,3,8,0.375,1,4,0.25,2,2,1.0,2,4,6,1,1,0,0,0,9,11,Michael Porter Jr
@CHI,W,32,6,16,0.375,2,8,0.25,3,4,0.75,0,7,7,0,1,0,0,1,17,3,Michael Porter Jr
@ATL,W,26,1,11,0.091,0,4,0.0,1,2,0.5,2,5,7,3,0,0,1,3,3,12,Michael Porter Jr
HOU,L,40,8,12,0.667,3,6,0.5,1,1,1.0,1,7,8,0,0,2,2,3,20,11,Michael Porter Jr
@LAC,L,34,7,8,0.875,4,5,0.8,0,0,0.0,3,6,9,0,0,1,2,2,18,4,Michael Porter Jr
@SAC,L,33,6,12,0.5,1,5,0.2,0,0,0.0,0,8,8,2,0,2,1,1,13,-6,Michael Porter Jr
@PHX,W,37,8,16,0.5,0,4,0.0,3,3,1.0,1,9,10,4,2,1,2,1,19,8,Michael Porter Jr
HOU,W,34,11,17,0.647,7,12,0.583,1,3,0.333,2,8,10,5,1,0,0,2,30,26,Michael Porter Jr
@LAC,W,29,3,13,0.231,2,7,0.286,0,0,0.0,3,7,10,3,0,0,1,5,8,4,Michael Porter Jr
SAS,W,33,8,14,0.571,4,9,0.444,5,6,0.833,1,6,7,2,0,1,3,0,25,15,Michael Porter Jr
@HOU,L,37,6,14,0.429,2,8,0.25,0,0,0.0,1,6,7,1,1,2,1,1,14,-8,Michael Porter Jr
@ORL,L,31,9,16,0.563,5,9,0.556,2,2,1.0,0,2,2,0,1,0,0,4,25,5,Michael Porter Jr
@DET,W,38,5,15,0.333,4,9,0.444,0,1,0.0,2,9,11,2,0,1,4,3,14,-1,Michael Porter Jr
@CLE,L,27,7,15,0.467,5,9,0.556,2,2,1.0,1,5,6,0,1,0,2,2,21,-31,Michael Porter Jr
@NOP,L,33,8,14,0.571,2,6,0.333,0,1,0.0,3,8,11,0,0,0,0,3,18,-15,Michael Porter Jr
LAC,W,34,4,11,0.364,2,8,0.25,0,2,0.0,1,4,5,0,1,1,2,3,10,4,Michael Porter Jr
@HOU,L,38,11,19,0.579,3,10,0.3,0,0,0.0,2,8,10,0,0,1,2,3,25,2,Michael Porter Jr
GSW,W,37,7,17,0.412,3,8,0.375,0,0,0.0,2,6,8,2,0,2,0,1,17,13,Michael Porter Jr
NOP,W,29,8,16,0.5,2,6,0.333,4,4,1.0,2,7,9,3,0,0,1,2,22,13,Michael Porter Jr
CHI,W,31,9,16,0.563,5,10,0.5,4,5,0.8,1,5,6,2,1,2,2,4,27,30,Michael Porter Jr
DAL,W,34,10,18,0.556,4,8,0.5,0,0,0.0,5,4,9,1,0,2,1,2,24,17,Michael Porter Jr
@MIN,L,25,2,11,0.182,0,5,0.0,1,1,1.0,2,3,5,1,1,1,0,0,5,-19,Michael Porter Jr
UTA,W,19,3,8,0.375,2,6,0.333,0,0,0.0,0,1,1,2,0,1,1,3,8,2,Michael Porter Jr
@OKC,W,25,8,14,0.571,4,7,0.571,0,0,0.0,3,6,9,2,0,0,1,3,20,12,Michael Porter Jr
@MEM,W,29,3,7,0.429,2,5,0.4,1,1,1.0,1,12,13,3,0,0,1,4,9,4,Michael Porter Jr
LAL,W,30,5,13,0.385,2,9,0.222,0,0,0.0,2,10,12,2,2,0,0,1,12,12,Michael Porter Jr
SAC,W,2,0,2,0.0,0,1,0.0,0,0,0.0,0,0,0,1,0,0,0,0,0,3,Julian Strawther
@GSW,W,2,0,0,0.0,0,0,0.0,0,0,0.0,0,0,0,0,0,0,0,0,0,2,Julian Strawther
@POR,W,2,1,1,1.0,0,0,0.0,0,0,0.0,0,0,0,0,0,1,0,0,2,-7,Julian Strawther
WAS,W,4,0,1,0.0,0,1,0.0,0,0,0.0,0,0,0,0,0,0,0,0,0,-3,Julian Strawther
@MIL,L,7,0,3,0.0,0,3,0.0,2,2,1.0,0,0,0,2,0,0,0,0,2,3,Julian Strawther
@SAC,L,20,3,8,0.375,1,5,0.2,0,0,0.0,0,3,3,2,1,0,2,1,7,-18,Julian Strawther
@GSW,W,9,0,1,0.0,0,1,0.0,0,0,0.0,1,0,1,1,1,0,0,0,0,-6,Julian Strawther
CHA,W,13,1,2,0.5,0,1,0.0,0,0,0.0,0,1,1,1,0,0,1,1,2,-14,Julian Strawther
OKC,L,12,3,7,0.429,1,4,0.25,3,4,0.75,0,1,1,0,0,0,3,3,10,-15,Julian Strawther
MEM,W,25,5,13,0.385,2,8,0.25,0,0,0.0,0,3,3,2,0,1,1,4,12,6,Julian Strawther
GSW,W,8,1,1,1.0,0,0,0.0,0,1,0.0,0,0,0,0,0,0,0,0,2,-4,Julian Strawther
@CHA,W,16,4,10,0.4,2,5,0.4,0,0,0.0,1,0,1,1,1,0,1,0,10,-4,Julian Strawther
@BKN,W,11,0,5,0.0,0,3,0.0,0,0,0.0,1,2,3,0,0,0,1,1,0,-10,Julian Strawther
@TOR,W,14,3,6,0.5,1,4,0.25,0,0,0.0,0,1,1,2,2,0,0,2,7,1,Julian Strawther
DAL,W,21,5,10,0.5,2,4,0.5,0,0,0.0,0,3,3,2,1,0,0,1,12,9,Julian Strawther
OKC,L,15,0,3,0.0,0,2,0.0,0,0,0.0,0,1,1,1,0,0,0,0,0,8,Julian Strawther
BKN,W,20,3,11,0.273,2,6,0.333,0,0,0.0,0,4,4,1,0,0,0,0,8,5,Julian Strawther
@CHI,W,23,4,9,0.444,2,5,0.4,6,8,0.75,0,6,6,3,1,0,2,1,16,12,Julian Strawther
@ATL,W,28,8,16,0.5,6,11,0.545,0,0,0.0,0,1,1,2,5,0,2,1,22,-2,Julian Strawther
HOU,L,4,0,0,0.0,0,0,0.0,0,0,0.0,0,0,0,0,0,0,0,1,0,-15,Julian Strawther
@LAC,L,13,0,2,0.0,0,2,0.0,0,0,0.0,0,1,1,2,0,0,1,4,0,-9,Julian Strawther
@SAC,L,12,1,3,0.333,0,2,0.0,1,2,0.5,0,1,1,2,0,0,0,0,3,-7,Julian Strawther
@PHX,W,18,4,9,0.444,3,8,0.375,0,0,0.0,0,3,3,0,0,1,0,2,11,0,Julian Strawther
HOU,W,13,0,4,0.0,0,2,0.0,0,0,0.0,0,1,1,1,0,0,0,1,0,-2,Julian Strawther
@LAC,W,19,3,8,0.375,3,5,0.6,0,0,0.0,0,3,3,1,0,1,1,1,9,9,Julian Strawther
SAS,W,19,4,8,0.5,2,4,0.5,0,0,0.0,0,1,1,4,3,0,1,4,10,7,Julian Strawther
@HOU,L,6,0,0,0.0,0,0,0.0,0,0,0.0,0,0,0,0,0,0,0,1,0,-15,Julian Strawther
@ORL,L,17,2,6,0.333,1,4,0.25,2,2,1.0,1,1,2,2,0,0,0,5,7,-5,Julian Strawther
@DET,W,15,1,5,0.2,0,3,0.0,2,2,1.0,0,2,2,2,0,0,0,1,4,-8,Julian Strawther
@CLE,L,20,2,6,0.333,1,3,0.333,2,2,1.0,0,2,2,1,0,1,0,4,7,8,Julian Strawther
@NOP,L,9,1,4,0.25,0,3,0.0,0,0,0.0,0,0,0,1,1,0,0,2,2,-16,Julian Strawther
@HOU,L,8,0,2,0.0,0,2,0.0,0,0,0.0,0,0,0,1,0,0,0,2,0,-5,Julian Strawther
GSW,W,8,0,1,0.0,0,1,0.0,0,0,0.0,0,1,1,0,0,0,0,2,0,-12,Julian Strawther
NOP,W,19,8,13,0.615,5,9,0.556,0,1,0.0,0,2,2,1,0,0,1,1,21,-7,Julian Strawther
CHI,W,9,1,2,0.5,1,2,0.5,0,0,0.0,0,1,1,1,0,0,0,0,3,-8,Julian Strawther
@MIN,L,16,2,7,0.286,1,6,0.167,0,1,0.0,0,0,0,0,1,2,0,0,5,2,Julian Strawther
UTA,W,6,2,4,0.5,0,2,0.0,0,0,0.0,0,2,2,0,0,0,0,0,4,1,Julian Strawther
@OKC,W,8,3,5,0.6,2,3,0.667,0,0,0.0,0,1,1,1,0,0,0,0,8,4,Julian Strawther
@MEM,W,5,0,2,0.0,0,0,0.0,0,0,0.0,0,0,0,0,0,0,0,2,0,-2,Julian Strawther
SAC,W,4,1,3,0.333,1,2,0.5,0,0,0.0,1,1,2,0,0,0,0,0,3,-1,Hunter Tyson
@NYK,L,7,0,3,0.0,0,3,0.0,0,0,0.0,0,1,1,0,0,0,2,1,0,-1,Hunter Tyson
BKN,W,1,0,0,0.0,0,0,0.0,0,0,0.0,0,1,1,0,0,0,0,0,0,3,Hunter Tyson
HOU,W,3,0,0,0.0,0,0,0.0,0,0,0.0,0,0,0,0,0,0,0,1,0,-9,Hunter Tyson
SAS,W,1,0,0,0.0,0,0,0.0,0,0,0.0,0,1,1,0,0,0,0,0,0,-1,Hunter Tyson
@CLE,L,3,0,1,0.0,0,1,0.0,0,0,0.0,0,0,0,1,0,0,0,0,0,10,Hunter Tyson
NOP,W,1,0,0,0.0,0,0,0.0,0,0,0.0,0,0,0,0,0,0,0,0,0,3,Hunter Tyson
CHI,W,2,0,1,0.0,0,1,0.0,0,0,0.0,0,1,1,0,0,0,0,1,0,-1,Hunter Tyson
@MIN,L,4,1,2,0.5,0,1,0.0,0,0,0.0,0,1,1,0,0,0,0,2,2,-2,Hunter Tyson
@OKC,W,3,0,0,0.0,0,0,0.0,0,0,0.0,0,1,1,0,0,0,0,1,0,0,Hunter Tyson
MIA,W,34,5,11,0.455,4,8,0.5,4,4,1.0,1,1,2,2,1,1,1,4,18,10,Kentavious Caldwell-Pope
SAC,W,29,6,10,0.6,4,6,0.667,0,0,0.0,1,1,2,4,3,0,0,3,16,38,Kentavious Caldwell-Pope
@GSW,W,35,5,9,0.556,2,4,0.5,1,1,1.0,1,1,2,3,1,0,0,1,13,19,Kentavious Caldwell-Pope
@POR,W,33,2,5,0.4,1,3,0.333,4,5,0.8,1,3,4,4,1,0,2,1,9,21,Kentavious Caldwell-Pope
WAS,W,16,0,6,0.0,0,3,0.0,0,0,0.0,0,2,2,1,0,0,0,0,0,17,Kentavious Caldwell-Pope
@MIL,L,9,0,3,0.0,0,1,0.0,1,1,1.0,0,2,2,2,0,0,0,0,1,1,Kentavious Caldwell-Pope
POR,W,31,3,9,0.333,2,5,0.4,3,3,1.0,0,3,3,0,1,0,1,0,11,-5,Kentavious Caldwell-Pope
POR,W,34,4,8,0.5,1,2,0.5,7,7,1.0,0,1,1,2,0,1,0,3,16,22,Kentavious Caldwell-Pope
@OKC,L,36,3,10,0.3,3,9,0.333,2,2,1.0,1,5,6,3,1,0,3,4,11,13,Kentavious Caldwell-Pope
MIL,W,34,5,9,0.556,0,3,0.0,2,2,1.0,0,1,1,2,1,0,0,1,12,-3,Kentavious Caldwell-Pope
PHI,W,33,2,8,0.25,0,3,0.0,4,4,1.0,0,1,1,2,0,0,0,3,8,7,Kentavious Caldwell-Pope
@NYK,L,22,2,6,0.333,1,3,0.333,0,0,0.0,0,0,0,0,0,0,1,4,5,-21,Kentavious Caldwell-Pope
@IND,W,35,5,12,0.417,2,6,0.333,2,2,1.0,2,3,5,0,1,0,1,3,14,7,Kentavious Caldwell-Pope
@WAS,W,35,4,9,0.444,1,5,0.2,1,2,0.5,0,3,3,3,3,0,2,2,10,10,Kentavious Caldwell-Pope
@BOS,W,37,2,6,0.333,1,3,0.333,0,0,0.0,1,4,5,1,0,0,0,1,5,0,Kentavious Caldwell-Pope
@PHI,L,33,5,13,0.385,2,7,0.286,1,1,1.0,0,5,5,2,1,0,0,2,13,-3,Kentavious Caldwell-Pope
IND,W,37,3,4,0.75,2,3,0.667,3,3,1.0,0,2,2,1,2,0,1,2,11,11,Kentavious Caldwell-Pope
NOP,W,31,4,9,0.444,3,6,0.5,0,0,0.0,0,2,2,3,2,0,0,0,11,9,Kentavious Caldwell-Pope
@UTA,L,28,4,9,0.444,2,5,0.4,2,2,1.0,0,1,1,1,4,1,1,2,12,-20,Kentavious Caldwell-Pope
DET,W,36,6,10,0.6,3,6,0.5,3,3,1.0,0,4,4,0,2,1,3,2,18,12,Kentavious Caldwell-Pope
ORL,L,29,1,4,0.25,0,3,0.0,4,4,1.0,1,2,3,2,1,1,3,1,6,2,Kentavious Caldwell-Pope
@GSW,W,35,4,8,0.5,0,2,0.0,0,0,0.0,1,2,3,4,1,1,1,0,8,4,Kentavious Caldwell-Pope
CHA,W,29,2,6,0.333,0,3,0.0,1,1,1.0,0,3,3,4,1,0,0,3,5,28,Kentavious Caldwell-Pope
OKC,L,27,3,5,0.6,2,3,0.667,0,1,0.0,0,0,0,2,1,0,1,3,8,-16,Kentavious Caldwell-Pope
MEM,W,25,5,10,0.5,2,5,0.4,0,0,0.0,2,0,2,3,0,1,0,2,12,27,Kentavious Caldwell-Pope
GSW,W,37,6,13,0.462,4,9,0.444,0,0,0.0,1,3,4,5,2,0,0,1,16,15,Kentavious Caldwell-Pope
@CHA,W,32,1,3,0.333,1,2,0.5,0,0,0.0,0,3,3,2,2,4,0,1,3,11,Kentavious Caldwell-Pope
@BKN,W,30,1,6,0.167,1,2,0.5,0,0,0.0,1,4,5,4,2,0,1,3,3,15,Kentavious Caldwell-Pope
@TOR,W,32,4,5,0.8,2,3,0.667,0,0,0.0,0,2,2,3,2,2,0,2,10,15,Kentavious Caldwell-Pope
DAL,W,26,4,6,0.667,1,2,0.5,0,0,0.0,1,2,3,2,0,0,0,0,9,17,Kentavious Caldwell-Pope
@CHI,W,13,2,4,0.5,0,0,0.0,0,0,0.0,0,1,1,0,0,0,0,2,4,10,Kentavious Caldwell-Pope
@ATL,W,30,1,6,0.167,0,2,0.0,6,8,0.75,0,3,3,2,0,1,2,2,8,9,Kentavious Caldwell-Pope
HOU,L,25,5,6,0.833,2,3,0.667,2,2,1.0,0,0,0,0,0,1,0,1,14,-16,Kentavious Caldwell-Pope
@LAC,L,34,1,4,0.25,1,3,0.333,0,0,0.0,0,1,1,3,1,0,0,1,3,2,Kentavious Caldwell-Pope
@SAC,L,38,4,12,0.333,0,3,0.0,1,2,0.5,0,5,5,3,4,0,4,1,9,9,Kentavious Caldwell-Pope
@PHX,W,35,6,10,0.6,3,6,0.5,0,0,0.0,0,1,1,6,3,0,0,2,15,6,Kentavious Caldwell-Pope
HOU,W,32,4,6,0.667,2,3,0.667,0,0,0.0,0,1,1,2,0,0,0,0,10,21,Kentavious Caldwell-Pope
@LAC,W,38,3,14,0.214,0,1,0.0,6,6,1.0,2,1,3,2,1,0,0,2,12,15,Kentavious Caldwell-Pope
SAS,W,31,5,7,0.714,2,4,0.5,4,4,1.0,0,1,1,6,1,0,3,3,16,6,Kentavious Caldwell-Pope
@HOU,L,39,7,15,0.467,1,5,0.2,5,5,1.0,3,2,5,3,3,0,2,4,20,-7,Kentavious Caldwell-Pope
@ORL,L,34,3,8,0.375,2,5,0.4,2,2,1.0,0,1,1,2,0,0,2,2,10,5,Kentavious Caldwell-Pope
@DET,W,36,8,17,0.471,2,5,0.4,2,2,1.0,1,2,3,3,2,1,3,2,20,3,Kentavious Caldwell-Pope
@CLE,L,31,2,9,0.222,1,5,0.2,4,4,1.0,2,0,2,2,1,1,1,1,9,-13,Kentavious Caldwell-Pope
@NOP,L,35,3,7,0.429,2,4,0.5,0,0,0.0,0,1,1,8,1,2,0,0,8,4,Kentavious Caldwell-Pope
LAC,W,39,2,3,0.667,2,3,0.667,3,5,0.6,0,1,1,4,1,0,1,3,9,3,Kentavious Caldwell-Pope
@HOU,L,38,2,5,0.4,1,2,0.5,0,0,0.0,0,0,0,1,1,0,1,3,5,6,Kentavious Caldwell-Pope
GSW,W,35,3,8,0.375,0,3,0.0,4,4,1.0,1,2,3,3,1,0,0,3,10,13,Kentavious Caldwell-Pope
NOP,W,33,5,10,0.5,3,7,0.429,2,2,1.0,0,1,1,7,1,0,2,4,15,23,Kentavious Caldwell-Pope
CHI,W,30,4,8,0.5,2,4,0.5,0,0,0.0,0,0,0,2,1,0,1,1,10,29,Kentavious Caldwell-Pope
DAL,W,37,3,7,0.429,2,3,0.667,0,0,0.0,0,5,5,1,2,0,1,0,8,15,Kentavious Caldwell-Pope
@MIN,L,26,2,4,0.5,1,1,1.0,1,1,1.0,0,0,0,0,1,1,1,2,6,-20,Kentavious Caldwell-Pope
UTA,W,33,3,5,0.6,2,4,0.5,0,0,0.0,0,3,3,0,1,2,2,4,8,11,Kentavious Caldwell-Pope
@OKC,W,30,2,5,0.4,1,4,0.25,2,2,1.0,0,3,3,1,2,0,1,2,7,21,Kentavious Caldwell-Pope
@MEM,W,35,3,10,0.3,2,6,0.333,0,0,0.0,0,2,2,1,5,1,0,1,8,6,Kentavious Caldwell-Pope
LAL,W,36,8,12,0.667,2,3,0.667,2,2,1.0,1,1,2,1,3,1,3,5,20,10,Kentavious Caldwell-Pope
@MIL,L,4,0,0,0.0,0,0,0.0,1,2,0.5,0,1,1,0,0,0,0,1,1,-10,DeAndre Jordan
@SAC,L,6,1,3,0.333,0,0,0.0,0,0,0.0,2,3,5,0,0,0,0,0,2,-10,DeAndre Jordan
@LAL,W,11,3,6,0.5,0,0,0.0,0,0,0.0,4,4,8,1,0,0,0,2,6,0,DeAndre Jordan
POR,W,8,2,2,1.0,0,0,0.0,0,0,0.0,0,1,1,0,0,0,0,1,4,5,DeAndre Jordan
POR,W,5,1,1,1.0,0,0,0.0,0,0,0.0,1,0,1,0,0,0,0,1,2,-10,DeAndre Jordan
MIL,W,8,2,3,0.667,0,0,0.0,1,1,1.0,0,2,2,0,0,1,0,2,5,-2,DeAndre Jordan
PHI,W,11,1,1,1.0,0,0,0.0,0,0,0.0,3,3,6,0,0,1,0,2,2,4,DeAndre Jordan
@NYK,L,11,0,2,0.0,0,0,0.0,0,0,0.0,2,3,5,0,0,0,0,0,0,-8,DeAndre Jordan
@IND,W,11,1,1,1.0,0,0,0.0,0,2,0.0,2,1,3,1,0,1,1,2,2,-2,DeAndre Jordan
@WAS,W,7,1,1,1.0,0,0,0.0,1,2,0.5,2,2,4,0,0,0,1,1,3,-4,DeAndre Jordan
@PHI,L,10,2,2,1.0,0,0,0.0,0,0,0.0,0,1,1,0,0,0,0,3,4,-5,DeAndre Jordan
IND,W,7,0,0,0.0,0,0,0.0,0,0,0.0,0,2,2,1,0,0,2,4,0,-4,DeAndre Jordan
NOP,W,14,2,2,1.0,0,0,0.0,2,2,1.0,1,6,7,1,0,1,0,1,6,6,DeAndre Jordan
@UTA,L,8,1,3,0.333,0,0,0.0,3,4,0.75,2,3,5,0,0,1,0,0,5,-4,DeAndre Jordan
DET,W,21,3,3,1.0,0,0,0.0,3,5,0.6,0,7,7,1,0,1,3,5,9,7,DeAndre Jordan
OKC,L,13,3,4,0.75,0,0,0.0,0,0,0.0,3,5,8,1,1,0,1,0,6,-1,DeAndre Jordan
MEM,W,13,2,3,0.667,0,0,0.0,0,0,0.0,5,4,9,2,0,2,0,3,4,9,DeAndre Jordan
@BKN,W,6,1,1,1.0,0,0,0.0,0,0,0.0,0,0,0,0,0,0,0,0,2,-9,DeAndre Jordan
OKC,L,6,1,2,0.5,0,0,0.0,0,0,0.0,3,4,7,1,0,0,0,1,2,5,DeAndre Jordan
BKN,W,12,1,2,0.5,0,0,0.0,0,0,0.0,2,2,4,0,0,1,1,2,2,-2,DeAndre Jordan
@CHI,W,25,2,4,0.5,0,0,0.0,5,10,0.5,4,6,10,2,1,2,2,5,9,-6,DeAndre Jordan
HOU,L,12,1,2,0.5,0,0,0.0,0,0,0.0,1,3,4,2,1,0,1,2,2,-2,DeAndre Jordan
@LAC,L,11,2,6,0.333,0,0,0.0,0,0,0.0,3,2,5,0,0,1,0,0,4,-8,DeAndre Jordan
@SAC,L,10,2,6,0.333,0,0,0.0,0,2,0.0,2,2,4,0,0,0,1,0,4,-17,DeAndre Jordan
@PHX,W,13,1,1,1.0,0,0,0.0,0,1,0.0,0,2,2,0,0,0,2,2,2,2,DeAndre Jordan
HOU,W,6,1,1,1.0,0,0,0.0,0,2,0.0,1,0,1,0,0,0,0,0,2,-11,DeAndre Jordan
@LAC,W,34,8,11,0.727,0,0,0.0,5,11,0.455,3,10,13,5,2,1,2,3,21,17,DeAndre Jordan
SAS,W,12,3,3,1.0,0,0,0.0,0,3,0.0,1,5,6,1,0,0,1,3,6,2,DeAndre Jordan
CHI,W,12,0,0,0.0,0,0,0.0,1,2,0.5,1,0,1,1,0,0,1,2,1,-10,DeAndre Jordan
@LAL,W,11,0,1,0.0,0,0,0.0,0,0,0.0,0,1,1,2,0,0,0,1,0,3,Reggie Jackson
MIA,W,29,3,10,0.3,0,5,0.0,0,0,0.0,0,2,2,2,1,0,1,5,6,-2,Reggie Jackson
SAC,W,19,2,6,0.333,1,2,0.5,0,0,0.0,0,1,1,4,0,0,1,0,5,12,Reggie Jackson
@GSW,W,16,1,2,0.5,1,2,0.5,0,0,0.0,0,0,0,2,0,0,1,4,3,-2,Reggie Jackson
@POR,W,22,4,10,0.4,1,5,0.2,0,0,0.0,0,0,0,3,0,0,2,1,9,-1,Reggie Jackson
WAS,W,22,5,14,0.357,1,7,0.143,0,0,0.0,0,1,1,5,1,0,2,1,11,21,Reggie Jackson
SAC,L,29,6,13,0.462,0,1,0.0,0,0,0.0,2,3,5,9,1,0,1,1,12,3,Reggie Jackson
@MIL,L,22,3,7,0.429,1,2,0.5,0,0,0.0,0,1,1,3,0,0,0,0,7,-1,Reggie Jackson
@SAC,L,16,3,5,0.6,0,0,0.0,2,2,1.0,0,1,1,4,1,0,3,2,8,-9,Reggie Jackson
@LAL,W,26,3,8,0.375,1,4,0.25,0,0,0.0,3,1,4,3,0,0,0,1,7,-10,Reggie Jackson
POR,W,21,3,11,0.273,1,4,0.25,0,0,0.0,0,4,4,1,1,0,0,2,7,6,Reggie Jackson
POR,W,24,5,9,0.556,1,3,0.333,2,3,0.667,0,0,0,3,0,0,0,3,13,-9,Reggie Jackson
@OKC,L,30,5,12,0.417,2,3,0.667,4,4,1.0,0,4,4,3,0,1,1,2,16,-12,Reggie Jackson
MIL,W,20,3,7,0.429,1,2,0.5,2,2,1.0,1,1,2,5,0,0,0,4,9,15,Reggie Jackson
PHI,W,18,1,6,0.167,1,4,0.25,0,0,0.0,0,3,3,0,0,0,0,0,3,-14,Reggie Jackson
@NYK,L,24,1,7,0.143,0,1,0.0,0,0,0.0,1,0,1,3,0,0,0,2,2,-16,Reggie Jackson
@IND,W,24,6,11,0.545,1,4,0.25,0,0,0.0,0,2,2,2,2,1,2,3,13,-14,Reggie Jackson
@WAS,W,21,1,4,0.25,1,2,0.5,0,0,0.0,0,1,1,3,0,0,0,1,3,5,Reggie Jackson
@BOS,W,21,2,4,0.5,0,2,0.0,0,0,0.0,1,1,2,2,0,0,2,0,4,10,Reggie Jackson
@PHI,L,20,3,6,0.5,2,3,0.667,2,2,1.0,0,2,2,2,1,0,1,0,10,4,Reggie Jackson
IND,W,23,3,3,1.0,0,0,0.0,3,4,0.75,0,0,0,4,1,0,3,1,9,4,Reggie Jackson
NOP,W,24,5,10,0.5,2,5,0.4,0,0,0.0,0,2,2,0,1,0,3,1,12,4,Reggie Jackson
@UTA,L,20,2,7,0.286,1,4,0.25,0,0,0.0,0,0,0,2,0,0,0,2,5,3,Reggie Jackson
DET,W,21,5,7,0.714,1,1,1.0,2,2,1.0,2,1,3,9,1,0,1,5,13,14,Reggie Jackson
ORL,L,17,5,12,0.417,1,5,0.2,0,0,0.0,1,2,3,3,0,0,1,0,11,1,Reggie Jackson
@GSW,W,16,1,6,0.167,0,0,0.0,0,0,0.0,0,0,0,3,0,0,1,0,2,-6,Reggie Jackson
CHA,W,17,6,11,0.545,2,3,0.667,1,2,0.5,0,4,4,4,1,0,0,2,15,-2,Reggie Jackson
OKC,L,15,3,10,0.3,2,5,0.4,0,0,0.0,0,2,2,3,1,0,0,0,8,1,Reggie Jackson
MEM,W,17,3,7,0.429,1,1,1.0,2,2,1.0,1,1,2,7,1,0,3,1,9,15,Reggie Jackson
GSW,W,15,0,2,0.0,0,0,0.0,2,2,1.0,0,0,0,3,0,0,4,1,2,-14,Reggie Jackson
@CHA,W,15,1,9,0.111,0,3,0.0,0,0,0.0,0,3,3,4,1,0,2,3,2,0,Reggie Jackson
@BKN,W,16,4,13,0.308,0,5,0.0,0,0,0.0,0,2,2,3,0,0,1,4,8,-15,Reggie Jackson
@TOR,W,17,3,7,0.429,0,3,0.0,1,2,0.5,1,1,2,4,0,0,1,1,7,-5,Reggie Jackson
DAL,W,19,9,12,0.75,1,3,0.333,1,1,1.0,0,1,1,4,0,0,0,2,20,14,Reggie Jackson
OKC,L,22,3,10,0.3,1,4,0.25,0,0,0.0,1,2,3,3,0,0,1,4,7,4,Reggie Jackson
BKN,W,23,4,13,0.308,2,4,0.5,2,2,1.0,0,0,0,4,2,0,1,3,12,8,Reggie Jackson
@CHI,W,32,9,16,0.563,5,8,0.625,2,2,1.0,0,2,2,6,0,0,2,4,25,13,Reggie Jackson
@ATL,W,19,5,10,0.5,1,5,0.2,1,1,1.0,0,1,1,6,0,0,1,0,12,-5,Reggie Jackson
HOU,L,25,2,8,0.25,0,4,0.0,2,2,1.0,1,2,3,6,0,0,0,2,6,4,Reggie Jackson
@LAC,L,19,4,10,0.4,3,4,0.75,3,4,0.75,0,1,1,3,1,0,2,1,14,-11,Reggie Jackson
@SAC,L,33,9,18,0.5,2,6,0.333,0,0,0.0,0,1,1,8,1,0,2,3,20,-14,Reggie Jackson
@PHX,W,29,8,11,0.727,3,4,0.75,1,2,0.5,0,2,2,4,0,0,1,3,20,0,Reggie Jackson
HOU,W,24,6,14,0.429,2,7,0.286,0,0,0.0,0,2,2,2,0,1,0,3,14,-1,Reggie Jackson
@LAC,W,40,15,19,0.789,3,4,0.75,2,4,0.5,1,4,5,13,2,0,2,3,35,25,Reggie Jackson
SAS,W,28,7,10,0.7,3,3,1.0,3,3,1.0,2,5,7,6,1,0,4,5,20,15,Reggie Jackson
@HOU,L,25,1,7,0.143,0,2,0.0,0,0,0.0,2,2,4,3,0,1,6,0,2,-26,Reggie Jackson
@ORL,L,34,5,15,0.333,3,7,0.429,1,1,1.0,1,3,4,9,0,0,1,1,14,-8,Reggie Jackson
@DET,W,32,9,15,0.6,1,3,0.333,2,3,0.667,0,3,3,6,1,1,0,2,21,3,Reggie Jackson
@CLE,L,21,3,5,0.6,1,1,1.0,0,0,0.0,0,0,0,1,2,0,2,2,7,-28,Reggie Jackson
@NOP,L,33,6,12,0.5,2,7,0.286,0,0,0.0,1,1,2,3,0,0,4,2,14,-4,Reggie Jackson
LAC,W,30,7,11,0.636,0,1,0.0,4,6,0.667,0,3,3,4,0,1,2,3,18,9,Reggie Jackson
@HOU,L,28,6,12,0.5,2,5,0.4,0,0,0.0,0,4,4,2,0,0,1,2,14,-3,Reggie Jackson
GSW,W,32,8,17,0.471,3,7,0.429,1,2,0.5,0,2,2,6,0,0,0,5,20,13,Reggie Jackson
NOP,W,24,2,8,0.25,1,4,0.25,2,2,1.0,0,1,1,4,0,0,0,1,7,16,Reggie Jackson
CHI,W,25,6,10,0.6,3,5,0.6,1,2,0.5,0,1,1,3,0,1,1,0,16,14,Reggie Jackson
DAL,W,20,3,10,0.3,1,4,0.25,1,2,0.5,0,1,1,2,4,0,3,1,8,5,Reggie Jackson
@MIN,L,19,1,4,0.25,0,1,0.0,0,0,0.0,0,0,0,5,2,1,1,0,2,-4,Reggie Jackson
UTA,W,19,2,6,0.333,0,3,0.0,0,1,0.0,1,3,4,1,0,0,1,2,4,9,Reggie Jackson
@OKC,W,22,2,3,0.667,1,2,0.5,0,0,0.0,0,0,0,6,2,0,2,4,5,13,Reggie Jackson
@MEM,W,22,7,13,0.538,2,5,0.4,0,0,0.0,0,2,2,6,0,1,0,0,16,-4,Reggie Jackson
LAL,W,24,3,8,0.375,2,5,0.4,0,0,0.0,0,3,3,1,1,0,2,0,8,11,Reggie Jackson
@LAL,W,16,3,5,0.6,0,1,0.0,1,2,0.5,1,1,2,0,0,3,0,0,7,-3,Peyton Watson
MIA,W,15,0,4,0.0,0,1,0.0,0,0,0.0,0,0,0,0,1,0,1,1,0,6,Peyton Watson
SAC,W,20,3,6,0.5,0,1,0.0,0,0,0.0,1,1,2,1,0,1,2,2,6,-18,Peyton Watson
@GSW,W,11,1,4,0.25,1,3,0.333,0,2,0.0,0,1,1,1,0,0,1,1,3,-11,Peyton Watson
@POR,W,18,3,5,0.6,1,2,0.5,1,2,0.5,1,3,4,0,0,1,1,2,8,-1,Peyton Watson
WAS,W,22,3,5,0.6,1,1,1.0,4,5,0.8,2,3,5,1,1,4,4,1,11,4,Peyton Watson
SAC,L,16,1,4,0.25,1,1,1.0,0,0,0.0,1,3,4,1,1,1,2,2,3,-4,Peyton Watson
@MIL,L,21,2,6,0.333,0,2,0.0,1,1,1.0,1,3,4,1,0,0,0,2,5,-9,Peyton Watson
@SAC,L,20,2,4,0.5,0,1,0.0,0,0,0.0,1,2,3,1,1,3,4,3,4,-10,Peyton Watson
@LAL,W,25,2,6,0.333,1,3,0.333,0,0,0.0,1,3,4,2,0,0,1,2,5,-3,Peyton Watson
POR,W,30,5,6,0.833,2,3,0.667,0,0,0.0,3,3,6,1,2,1,1,1,12,15,Peyton Watson
POR,W,22,6,8,0.75,2,2,1.0,0,0,0.0,1,4,5,0,0,1,0,4,14,0,Peyton Watson
@OKC,L,21,3,10,0.3,1,4,0.25,2,2,1.0,2,2,4,1,2,1,2,4,9,13,Peyton Watson
MIL,W,23,3,4,0.75,0,0,0.0,0,0,0.0,0,4,4,2,1,0,0,3,6,14,Peyton Watson
PHI,W,21,3,7,0.429,0,3,0.0,3,6,0.5,0,3,3,3,1,1,0,1,9,-6,Peyton Watson
@NYK,L,23,3,8,0.375,0,4,0.0,1,2,0.5,1,3,4,3,0,2,2,2,7,-12,Peyton Watson
@IND,W,19,2,4,0.5,1,2,0.5,2,2,1.0,0,2,2,0,1,2,2,1,7,-3,Peyton Watson
@WAS,W,13,1,2,0.5,0,0,0.0,0,1,0.0,0,3,3,2,0,3,2,0,2,-2,Peyton Watson
@BOS,W,21,4,11,0.364,1,6,0.167,0,0,0.0,0,2,2,0,0,2,0,2,9,7,Peyton Watson
@PHI,L,11,1,4,0.25,1,2,0.5,2,2,1.0,1,0,1,2,0,0,0,0,5,-8,Peyton Watson
IND,W,14,0,3,0.0,0,0,0.0,0,0,0.0,0,3,3,0,1,0,0,3,0,-1,Peyton Watson
NOP,W,15,3,7,0.429,2,4,0.5,0,0,0.0,1,2,3,0,1,1,0,1,8,9,Peyton Watson
@UTA,L,17,1,8,0.125,1,5,0.2,0,0,0.0,1,1,2,0,0,0,0,1,3,-12,Peyton Watson
DET,W,23,4,10,0.4,2,4,0.5,5,5,1.0,1,5,6,1,1,1,0,0,15,7,Peyton Watson
ORL,L,13,2,6,0.333,0,2,0.0,0,0,0.0,1,0,1,0,0,0,0,4,4,-16,Peyton Watson
@GSW,W,19,6,10,0.6,2,4,0.5,5,6,0.833,1,4,5,0,0,0,0,1,19,7,Peyton Watson
CHA,W,19,3,6,0.5,2,4,0.5,0,0,0.0,0,4,4,1,1,1,0,2,8,-5,Peyton Watson
OKC,L,32,6,12,0.5,1,6,0.167,1,2,0.5,0,2,2,2,1,2,1,4,14,-7,Peyton Watson
MEM,W,23,6,14,0.429,4,10,0.4,4,4,1.0,0,5,5,2,0,0,0,1,20,28,Peyton Watson
GSW,W,21,2,5,0.4,1,2,0.5,0,0,0.0,0,0,0,1,0,0,2,2,5,-11,Peyton Watson
@CHA,W,17,1,2,0.5,0,1,0.0,0,0,0.0,0,3,3,0,1,1,1,2,2,-3,Peyton Watson
@BKN,W,20,4,5,0.8,1,2,0.5,0,1,0.0,0,3,3,0,0,0,0,2,9,-14,Peyton Watson
@TOR,W,18,5,6,0.833,1,1,1.0,0,0,0.0,1,3,4,1,1,1,0,1,11,-5,Peyton Watson
DAL,W,24,3,5,0.6,2,3,0.667,2,4,0.5,1,6,7,3,1,1,0,1,10,8,Peyton Watson
OKC,L,16,5,8,0.625,2,2,1.0,1,2,0.5,1,3,4,0,0,0,1,5,13,3,Peyton Watson
BKN,W,24,7,10,0.7,2,5,0.4,2,3,0.667,3,4,7,5,1,1,1,3,18,7,Peyton Watson
@CHI,W,23,1,6,0.167,0,0,0.0,2,2,1.0,1,0,1,1,1,1,1,1,4,7,Peyton Watson
@ATL,W,20,1,2,0.5,0,0,0.0,1,2,0.5,1,1,2,0,0,1,0,2,3,-7,Peyton Watson
HOU,L,26,4,9,0.444,0,1,0.0,5,5,1.0,1,3,4,2,0,0,1,3,13,4,Peyton Watson
@LAC,L,16,0,3,0.0,0,2,0.0,2,2,1.0,0,3,3,3,1,1,1,1,2,-15,Peyton Watson
@SAC,L,14,1,1,1.0,0,0,0.0,2,2,1.0,0,1,1,1,1,2,0,2,4,8,Peyton Watson
@PHX,W,25,4,9,0.444,0,2,0.0,0,0,0.0,0,3,3,0,0,0,0,5,8,5,Peyton Watson
@LAC,W,24,4,7,0.571,0,0,0.0,0,2,0.0,0,3,3,1,2,1,1,0,8,2,Peyton Watson
SAS,W,22,2,6,0.333,0,2,0.0,0,0,0.0,1,3,4,2,1,2,1,1,4,5,Peyton Watson
@HOU,L,6,0,3,0.0,0,1,0.0,0,0,0.0,1,0,1,0,0,1,0,1,0,-18,Peyton Watson
@ORL,L,10,1,1,1.0,0,0,0.0,0,2,0.0,1,0,1,0,0,0,0,1,2,-9,Peyton Watson
@DET,W,13,1,2,0.5,0,0,0.0,2,2,1.0,0,1,1,2,0,2,1,1,4,5,Peyton Watson
@NOP,L,11,1,3,0.333,0,1,0.0,1,2,0.5,2,1,3,1,0,0,2,2,3,-2,Peyton Watson
LAC,W,11,2,2,1.0,0,0,0.0,0,0,0.0,0,0,0,0,0,0,0,1,4,2,Peyton Watson
@HOU,L,7,0,2,0.0,0,0,0.0,0,0,0.0,0,0,0,1,0,1,0,2,0,-6,Peyton Watson
GSW,W,11,1,2,0.5,0,0,0.0,0,0,0.0,0,0,0,0,0,0,0,0,2,-8,Peyton Watson
NOP,W,19,2,3,0.667,0,0,0.0,0,0,0.0,0,3,3,1,2,2,0,0,4,15,Peyton Watson
CHI,W,18,1,3,0.333,0,1,0.0,0,0,0.0,0,2,2,2,2,0,2,2,2,-8,Peyton Watson
DAL,W,13,1,4,0.25,0,1,0.0,1,2,0.5,2,1,3,1,0,2,0,2,3,-14,Peyton Watson
@MIN,L,16,2,3,0.667,0,1,0.0,0,0,0.0,0,2,2,1,0,0,2,2,4,-6,Peyton Watson
UTA,W,15,2,4,0.5,0,1,0.0,1,2,0.5,0,2,2,0,0,1,0,0,5,0,Peyton Watson
@OKC,W,22,8,11,0.727,1,3,0.333,0,0,0.0,1,3,4,1,1,1,0,1,17,11,Peyton Watson
@MEM,W,18,3,4,0.75,2,3,0.667,1,2,0.5,0,3,3,0,1,3,1,3,9,-4,Peyton Watson
LAL,W,11,1,3,0.333,1,3,0.333,0,0,0.0,0,0,0,0,0,1,1,1,3,1,Peyton Watson
@LAL,W,31,5,7,0.714,3,5,0.6,0,0,0.0,0,2,2,3,1,0,0,0,13,8,Justin Holiday
MIA,W,8,2,4,0.5,2,4,0.5,0,0,0.0,0,2,2,1,0,0,0,1,6,-2,Justin Holiday
SAC,W,12,1,2,0.5,0,1,0.0,0,0,0.0,0,1,1,0,1,0,1,0,2,-14,Justin Holiday
@GSW,W,2,0,1,0.0,0,1,0.0,0,0,0.0,0,0,0,0,0,0,0,0,0,2,Justin Holiday
@POR,W,7,0,1,0.0,0,1,0.0,0,0,0.0,0,0,0,0,0,0,0,1,0,-7,Justin Holiday
WAS,W,15,3,5,0.6,2,3,0.667,0,0,0.0,0,1,1,2,2,1,0,0,8,-8,Justin Holiday
SAC,L,35,2,8,0.25,2,5,0.4,2,2,1.0,1,3,4,2,1,0,1,3,8,1,Justin Holiday
@MIL,L,19,2,6,0.333,1,5,0.2,0,0,0.0,0,2,2,1,0,0,0,2,5,-11,Justin Holiday
@SAC,L,37,3,10,0.3,3,9,0.333,1,2,0.5,0,3,3,2,2,0,1,1,10,-15,Justin Holiday
@LAL,W,22,1,1,1.0,0,0,0.0,0,0,0.0,1,0,1,1,0,0,0,6,2,11,Justin Holiday
POR,W,12,0,2,0.0,0,1,0.0,0,0,0.0,0,0,0,1,1,0,0,0,0,1,Justin Holiday
@OKC,L,11,2,3,0.667,1,2,0.5,0,0,0.0,0,1,1,0,1,1,0,3,5,-7,Justin Holiday
@NYK,L,12,2,4,0.5,0,2,0.0,0,0,0.0,0,1,1,0,1,0,0,2,4,-6,Justin Holiday
@BOS,W,3,0,0,0.0,0,0,0.0,0,0,0.0,0,0,0,0,0,0,0,0,0,-1,Justin Holiday
IND,W,0,0,0,0.0,0,0,0.0,0,0,0.0,0,0,0,0,0,0,0,0,0,0,Justin Holiday
NOP,W,2,0,0,0.0,0,0,0.0,0,0,0.0,0,0,0,0,0,0,1,0,0,-6,Justin Holiday
@UTA,L,12,1,3,0.333,1,3,0.333,0,0,0.0,0,0,0,1,1,0,0,2,3,11,Justin Holiday
DET,W,4,0,0,0.0,0,0,0.0,0,0,0.0,0,0,0,0,0,0,0,0,0,-3,Justin Holiday
ORL,L,10,0,1,0.0,0,1,0.0,0,0,0.0,0,1,1,1,0,0,0,1,0,4,Justin Holiday
OKC,L,16,0,3,0.0,0,2,0.0,0,0,0.0,0,1,1,2,0,0,0,1,0,-19,Justin Holiday
MEM,W,18,3,5,0.6,2,3,0.667,0,0,0.0,0,2,2,1,2,0,0,2,8,1,Justin Holiday
DAL,W,5,0,2,0.0,0,0,0.0,0,0,0.0,0,1,1,0,0,1,0,1,0,-6,Justin Holiday
OKC,L,25,2,4,0.5,2,3,0.667,0,0,0.0,0,1,1,2,0,0,1,0,6,-8,Justin Holiday
BKN,W,27,1,6,0.167,0,5,0.0,0,0,0.0,0,1,1,2,4,0,1,2,2,20,Justin Holiday
@CHI,W,23,3,4,0.75,2,3,0.667,0,0,0.0,1,0,1,2,0,0,0,3,8,4,Justin Holiday
HOU,L,6,1,1,1.0,0,0,0.0,0,0,0.0,0,0,0,0,1,0,0,1,2,-12,Justin Holiday
@SAC,L,12,0,1,0.0,0,0,0.0,0,0,0.0,0,3,3,0,0,0,0,2,0,-3,Justin Holiday
@PHX,W,25,6,8,0.75,3,5,0.6,0,0,0.0,1,1,2,4,1,0,0,2,15,8,Justin Holiday
HOU,W,27,4,7,0.571,3,5,0.6,0,0,0.0,1,2,3,4,2,0,0,2,11,27,Justin Holiday
@LAC,W,34,5,8,0.625,2,4,0.5,0,0,0.0,1,5,6,1,1,0,3,2,12,5,Justin Holiday
SAS,W,27,2,5,0.4,1,4,0.25,0,0,0.0,0,2,2,3,1,0,0,2,5,15,Justin Holiday
@HOU,L,13,1,2,0.5,1,2,0.5,0,0,0.0,0,0,0,0,1,0,0,2,3,9,Justin Holiday
@ORL,L,0,0,0,0.0,0,0,0.0,0,0,0.0,0,0,0,0,0,0,0,0,0,0,Justin Holiday
@CLE,L,17,2,3,0.667,2,3,0.667,0,0,0.0,0,1,1,1,0,0,0,2,6,1,Justin Holiday
LAC,W,2,0,0,0.0,0,0,0.0,0,0,0.0,0,0,0,1,0,0,0,0,0,-1,Justin Holiday
GSW,W,8,1,2,0.5,1,2,0.5,0,0,0.0,0,3,3,0,0,0,0,1,3,2,Justin Holiday
@MIN,L,6,1,2,0.5,1,2,0.5,0,0,0.0,0,1,1,0,0,0,0,0,3,2,Justin Holiday
@OKC,W,3,0,0,0.0,0,0,0.0,0,0,0.0,0,0,0,0,0,0,0,0,0,0,Justin Holiday
@GSW,W,2,0,1,0.0,0,0,0.0,0,0,0.0,0,1,1,0,0,0,0,0,0,2,Braxton Key
@POR,W,2,0,0,0.0,0,0,0.0,0,0,0.0,0,1,1,0,0,1,0,0,0,-7,Braxton Key
@MIL,L,6,1,1,1.0,0,0,0.0,0,1,0.0,1,1,2,0,0,0,0,1,2,2,Braxton Key
POR,W,1,0,0,0.0,0,0,0.0,0,0,0.0,0,0,0,0,0,0,0,0,0,2,Braxton Key
NOP,W,1,0,0,0.0,0,0,0.0,0,0,0.0,0,0,0,0,0,0,1,0,0,-4,Braxton Key
@UTA,L,6,1,1,1.0,0,0,0.0,0,0,0.0,1,0,1,1,1,0,0,0,2,12,Braxton Key
DET,W,2,0,0,0.0,0,0,0.0,2,2,1.0,0,1,1,0,0,0,0,0,2,-6,Braxton Key
ORL,L,6,1,3,0.333,1,2,0.5,0,0,0.0,0,2,2,1,0,0,0,1,3,6,Braxton Key
CHA,W,4,0,1,0.0,0,0,0.0,0,0,0.0,0,1,1,0,1,0,0,0,0,-6,Braxton Key
OKC,L,3,1,2,0.5,0,0,0.0,1,1,1.0,0,0,0,0,0,0,0,0,3,-6,Braxton Key
MEM,W,7,1,2,0.5,0,0,0.0,0,0,0.0,1,1,2,1,0,0,0,0,2,8,Braxton Key
HOU,W,3,0,0,0.0,0,0,0.0,1,2,0.5,0,1,1,1,0,0,0,1,1,-9,Braxton Key
SAS,W,2,0,1,0.0,0,1,0.0,0,0,0.0,0,1,1,1,0,0,0,0,0,-4,Braxton Key
NOP,W,1,0,0,0.0,0,0,0.0,0,0,0.0,0,0,0,0,0,0,0,0,0,3,Braxton Key
@MIN,L,5,0,2,0.0,0,0,0.0,0,0,0.0,0,0,0,3,0,0,0,2,0,0,Braxton Key
@OKC,W,3,1,2,0.5,0,1,0.0,0,0,0.0,0,1,1,0,0,0,0,0,2,0,Braxton Key
LAL,W,1,0,0,0.0,0,0,0.0,0,0,0.0,0,0,0,0,0,0,0,0,0,0,Braxton Key
@LAL,W,39,16,25,0.64,1,5,0.2,2,2,1.0,2,8,10,7,0,1,3,1,35,16,Nikola Jokic
MIA,W,38,6,15,0.4,0,3,0.0,6,6,1.0,2,9,11,7,1,2,4,4,18,12,Nikola Jokic
SAC,W,32,5,9,0.556,0,0,0.0,4,4,1.0,1,13,14,11,3,1,2,3,14,37,Nikola Jokic
@GSW,W,37,13,24,0.542,2,6,0.333,4,4,1.0,2,14,16,16,4,1,2,3,32,20,Nikola Jokic
@POR,W,35,12,17,0.706,1,3,0.333,4,5,0.8,3,12,15,14,2,1,2,4,29,24,Nikola Jokic
WAS,W,31,10,10,1.0,0,0,0.0,1,2,0.5,2,17,19,15,1,0,3,3,21,23,Nikola Jokic
SAC,L,39,6,17,0.353,0,6,0.0,3,4,0.75,0,5,5,8,0,1,0,4,15,-6,Nikola Jokic
@MIL,L,32,13,25,0.52,2,5,0.4,1,3,0.333,3,9,12,8,0,0,5,1,29,-16,Nikola Jokic
@SAC,L,30,9,17,0.529,1,1,1.0,4,5,0.8,2,6,8,7,3,0,1,2,23,-7,Nikola Jokic
@LAL,W,36,9,20,0.45,2,6,0.333,4,4,1.0,3,10,13,9,0,3,6,2,24,10,Nikola Jokic
POR,W,34,12,20,0.6,1,3,0.333,4,5,0.8,1,7,8,7,2,0,2,1,29,-5,Nikola Jokic
POR,W,38,11,16,0.688,1,1,1.0,4,4,1.0,7,15,22,12,1,2,4,3,27,20,Nikola Jokic
MIL,W,40,10,25,0.4,1,6,0.167,4,5,0.8,1,15,16,12,3,2,3,1,25,9,Nikola Jokic
PHI,W,37,8,16,0.5,0,1,0.0,10,16,0.625,5,11,16,7,2,0,3,3,26,2,Nikola Jokic
@NYK,L,27,13,18,0.722,2,3,0.667,3,3,1.0,4,7,11,3,0,0,7,1,31,-23,Nikola Jokic
@IND,W,37,13,19,0.684,3,4,0.75,2,2,1.0,2,11,13,10,0,1,1,3,31,9,Nikola Jokic
@WAS,W,36,15,20,0.75,0,0,0.0,12,14,0.857,4,8,12,8,2,2,0,2,42,20,Nikola Jokic
@BOS,W,38,14,22,0.636,2,4,0.5,4,4,1.0,2,10,12,9,0,0,4,1,34,1,Nikola Jokic
@PHI,L,38,11,20,0.55,0,2,0.0,3,4,0.75,11,8,19,3,1,1,4,3,25,1,Nikola Jokic
IND,W,33,12,13,0.923,0,0,0.0,1,2,0.5,3,9,12,9,2,1,7,3,25,10,Nikola Jokic
NOP,W,32,11,17,0.647,1,2,0.5,4,4,1.0,3,7,10,14,0,1,2,4,27,12,Nikola Jokic
@UTA,L,30,8,9,0.889,1,1,1.0,10,12,0.833,1,10,11,6,1,0,6,3,27,-21,Nikola Jokic
DET,W,25,2,3,0.667,0,0,0.0,0,0,0.0,0,7,7,16,0,5,2,4,4,16,Nikola Jokic
ORL,L,37,13,19,0.684,0,1,0.0,3,4,0.75,0,4,4,8,3,0,2,3,29,-4,Nikola Jokic
@GSW,W,38,13,16,0.813,2,2,1.0,6,7,0.857,2,7,9,10,2,1,4,2,34,4,Nikola Jokic
CHA,W,28,6,7,0.857,0,0,0.0,1,1,1.0,0,11,11,6,1,1,3,2,13,27,Nikola Jokic
OKC,L,32,9,10,0.9,1,1,1.0,0,0,0.0,2,8,10,7,1,1,7,2,19,-19,Nikola Jokic
MEM,W,30,11,11,1.0,1,1,1.0,3,3,1.0,0,14,14,10,0,2,3,1,26,25,Nikola Jokic
GSW,W,39,4,12,0.333,0,2,0.0,18,18,1.0,4,10,14,8,0,0,3,2,26,21,Nikola Jokic
@CHA,W,36,8,14,0.571,0,2,0.0,2,2,1.0,2,8,10,9,1,1,3,6,18,12,Nikola Jokic
@BKN,W,34,12,17,0.706,2,2,1.0,5,5,1.0,2,9,11,7,3,2,0,4,31,29,Nikola Jokic
@TOR,W,38,13,23,0.565,3,5,0.6,2,3,0.667,5,10,15,6,0,2,2,2,31,15,Nikola Jokic
DAL,W,28,3,8,0.375,0,1,0.0,2,2,1.0,1,8,9,7,2,0,2,2,8,16,Nikola Jokic
OKC,L,37,8,15,0.533,1,2,0.5,7,8,0.875,4,2,6,12,2,0,3,3,24,-9,Nikola Jokic
BKN,W,30,8,12,0.667,0,2,0.0,10,12,0.833,1,13,14,10,1,0,1,2,26,21,Nikola Jokic
@CHI,W,16,2,5,0.4,0,0,0.0,0,0,0.0,3,6,9,6,0,0,0,1,4,5,Nikola Jokic
@ATL,W,36,9,13,0.692,1,1,1.0,6,7,0.857,2,6,8,9,3,2,1,3,25,8,Nikola Jokic
HOU,L,34,9,26,0.346,1,2,0.5,4,7,0.571,7,9,16,5,0,2,3,5,23,3,Nikola Jokic
@LAC,L,37,9,32,0.281,2,7,0.286,2,2,1.0,5,10,15,10,1,0,4,2,22,1,Nikola Jokic
@SAC,L,38,13,23,0.565,1,4,0.25,9,12,0.75,2,11,13,14,2,1,0,3,36,11,Nikola Jokic
@PHX,W,35,9,18,0.5,0,3,0.0,3,6,0.5,1,4,5,16,1,2,3,4,21,6,Nikola Jokic
HOU,W,33,12,19,0.632,1,2,0.5,7,8,0.875,6,4,10,15,1,0,0,2,32,29,Nikola Jokic
SAS,W,34,17,29,0.586,0,0,0.0,5,5,1.0,5,6,11,9,1,0,5,3,39,14,Nikola Jokic
@HOU,L,42,14,31,0.452,3,8,0.375,7,11,0.636,6,13,19,8,3,0,3,3,38,-12,Nikola Jokic
@ORL,L,36,12,18,0.667,1,2,0.5,5,5,1.0,5,8,13,12,3,2,1,4,30,4,Nikola Jokic
@DET,W,15,4,8,0.5,1,4,0.25,0,0,0.0,0,5,5,5,0,1,1,1,9,-4,Nikola Jokic
@CLE,L,28,8,13,0.615,0,0,0.0,2,5,0.4,1,9,10,7,1,1,3,5,18,-16,Nikola Jokic
@NOP,L,36,10,20,0.5,1,8,0.125,5,5,1.0,2,14,16,18,1,1,4,2,26,5,Nikola Jokic
LAC,W,36,8,23,0.348,2,7,0.286,14,14,1.0,3,13,16,9,1,0,4,2,32,3,Nikola Jokic
@HOU,L,38,13,26,0.5,2,6,0.333,8,8,1.0,6,15,21,11,0,1,3,3,36,12,Nikola Jokic
GSW,W,37,14,25,0.56,1,8,0.125,6,10,0.6,3,10,13,5,3,1,3,3,35,3,Nikola Jokic
NOP,W,36,15,24,0.625,2,6,0.333,3,5,0.6,3,11,14,12,1,1,2,1,35,16,Nikola Jokic
CHI,W,33,9,16,0.563,1,3,0.333,9,9,1.0,4,12,16,9,3,0,1,3,28,33,Nikola Jokic
DAL,W,36,14,16,0.875,2,2,1.0,3,5,0.6,7,7,14,9,1,1,4,3,33,17,Nikola Jokic
@MIN,L,30,11,23,0.478,1,6,0.167,2,2,1.0,2,8,10,3,0,0,5,0,25,-19,Nikola Jokic
UTA,W,35,12,16,0.75,1,3,0.333,2,5,0.4,1,9,10,11,0,2,1,3,27,13,Nikola Jokic
@OKC,W,30,12,16,0.75,1,2,0.5,3,3,1.0,2,12,14,5,0,0,4,3,28,21,Nikola Jokic
@MEM,W,35,8,14,0.571,1,4,0.25,5,6,0.833,3,9,12,7,1,1,9,1,22,6,Nikola Jokic
LAL,W,36,12,22,0.545,3,5,0.6,2,4,0.5,3,10,13,11,1,1,2,2,29,15,Nikola Jokic
@POR,W,24,7,9,0.778,4,4,1.0,0,1,0.0,0,2,2,4,1,0,0,1,18,23,Collin Gillespie
SAC,L,18,1,5,0.2,1,2,0.5,0,0,0.0,0,3,3,1,2,0,2,4,3,-8,Collin Gillespie
@MIL,L,13,2,4,0.5,2,4,0.5,0,0,0.0,0,1,1,1,2,0,3,0,6,-7,Collin Gillespie
@SAC,L,9,1,2,0.5,0,1,0.0,1,2,0.5,0,1,1,1,0,0,0,1,3,-2,Collin Gillespie
POR,W,1,1,1,1.0,0,0,0.0,0,0,0.0,0,0,0,0,0,0,0,0,2,2,Collin Gillespie
NOP,W,2,1,1,1.0,0,0,0.0,0,0,0.0,0,0,0,0,0,0,0,1,2,-6,Collin Gillespie
@UTA,L,6,2,3,0.667,1,1,1.0,3,4,0.75,0,1,1,1,0,0,0,0,8,12,Collin Gillespie
DET,W,2,0,0,0.0,0,0,0.0,0,0,0.0,0,0,0,0,0,0,1,1,0,-6,Collin Gillespie
DAL,W,5,0,1,0.0,0,0,0.0,0,0,0.0,1,0,1,0,0,0,0,1,0,-6,Collin Gillespie
HOU,W,3,0,1,0.0,0,1,0.0,0,0,0.0,0,0,0,0,0,0,1,0,0,-9,Collin Gillespie
SAS,W,2,0,0,0.0,0,0,0.0,0,0,0.0,0,0,0,0,0,0,0,0,0,-4,Collin Gillespie
@HOU,L,3,0,0,0.0,0,0,0.0,0,0,0.0,0,0,0,0,0,0,1,0,0,-7,Collin Gillespie
@CLE,L,3,0,0,0.0,0,0,0.0,0,0,0.0,0,0,0,1,0,0,0,0,0,10,Collin Gillespie
@HOU,L,20,3,7,0.429,0,2,0.0,0,0,0.0,0,1,1,3,2,0,1,2,6,0,Collin Gillespie
GSW,W,16,1,2,0.5,1,2,0.5,0,0,0.0,0,0,0,1,0,0,1,2,3,-10,Collin Gillespie
NOP,W,17,2,4,0.5,1,3,0.333,1,1,1.0,0,1,1,1,2,0,0,3,6,-1,Collin Gillespie
CHI,W,12,2,4,0.5,1,3,0.333,0,0,0.0,0,1,1,2,0,0,0,1,5,12,Collin Gillespie
@OKC,W,6,0,1,0.0,0,1,0.0,0,0,0.0,0,0,0,0,1,0,0,1,0,2,Collin Gillespie
LAL,W,1,0,0,0.0,0,0,0.0,0,0,0.0,0,0,0,0,0,0,0,0,0,0,Collin Gillespie
@LAL,W,9,0,2,0.0,0,0,0.0,0,0,0.0,2,0,2,0,0,0,1,1,0,-3,Zeke Nnaji
MIA,W,6,0,1,0.0,0,0,0.0,1,2,0.5,1,0,1,0,0,1,1,0,1,-2,Zeke Nnaji
SAC,W,14,0,4,0.0,0,1,0.0,0,0,0.0,0,2,2,0,1,3,0,2,0,-19,Zeke Nnaji
@GSW,W,12,1,3,0.333,0,0,0.0,4,4,1.0,3,0,3,1,0,1,0,2,6,-2,Zeke Nnaji
@POR,W,11,3,4,0.75,0,0,0.0,0,0,0.0,2,1,3,1,1,0,0,1,6,-2,Zeke Nnaji
WAS,W,17,4,5,0.8,0,1,0.0,0,0,0.0,0,3,3,1,0,4,0,0,8,-3,Zeke Nnaji
SAC,L,9,2,4,0.5,0,0,0.0,4,4,1.0,2,0,2,0,0,2,1,1,8,2,Zeke Nnaji
@MIL,L,8,1,5,0.2,0,0,0.0,0,0,0.0,3,0,3,0,1,0,0,1,2,3,Zeke Nnaji
@SAC,L,18,2,6,0.333,0,2,0.0,3,4,0.75,0,2,2,3,0,0,0,2,7,-11,Zeke Nnaji
@OKC,L,9,1,4,0.25,0,0,0.0,0,0,0.0,2,1,3,1,0,0,1,1,2,-12,Zeke Nnaji
@NYK,L,5,0,2,0.0,0,1,0.0,0,0,0.0,0,1,1,0,0,0,0,0,0,-3,Zeke Nnaji
@WAS,W,5,1,2,0.5,0,0,0.0,0,0,0.0,1,0,1,2,1,0,2,3,2,-4,Zeke Nnaji
NOP,W,2,0,1,0.0,0,0,0.0,0,0,0.0,0,0,0,0,0,0,0,0,0,-6,Zeke Nnaji
@UTA,L,6,1,2,0.5,1,1,1.0,2,2,1.0,0,0,0,1,1,0,0,2,5,12,Zeke Nnaji
DET,W,2,0,1,0.0,0,1,0.0,0,0,0.0,0,0,0,0,0,0,0,0,0,-6,Zeke Nnaji
ORL,L,11,1,1,1.0,0,0,0.0,1,2,0.5,1,1,2,0,1,0,2,4,3,2,Zeke Nnaji
@GSW,W,6,1,1,1.0,0,0,0.0,0,0,0.0,1,2,3,1,0,0,0,0,2,-3,Zeke Nnaji
CHA,W,21,1,5,0.2,0,2,0.0,0,0,0.0,1,2,3,1,0,3,2,2,2,-9,Zeke Nnaji
OKC,L,3,0,1,0.0,0,0,0.0,0,0,0.0,0,0,0,0,0,0,0,0,0,-6,Zeke Nnaji
MEM,W,6,2,3,0.667,0,0,0.0,0,0,0.0,1,2,3,0,0,0,1,2,4,3,Zeke Nnaji
GSW,W,5,0,0,0.0,0,0,0.0,0,0,0.0,0,0,0,0,1,0,0,1,0,-11,Zeke Nnaji
@CHA,W,12,0,1,0.0,0,0,0.0,0,0,0.0,2,0,2,1,0,2,2,4,0,-7,Zeke Nnaji
@BKN,W,7,1,2,0.5,0,0,0.0,0,0,0.0,1,2,3,0,0,0,0,2,2,-9,Zeke Nnaji
@TOR,W,10,0,3,0.0,0,0,0.0,0,2,0.0,2,1,3,1,1,2,2,1,0,-6,Zeke Nnaji
DAL,W,20,5,8,0.625,0,2,0.0,4,4,1.0,2,2,4,2,1,1,1,4,14,10,Zeke Nnaji
BKN,W,6,2,2,1.0,1,1,1.0,0,0,0.0,3,0,3,1,0,0,0,1,5,4,Zeke Nnaji
@ATL,W,12,1,2,0.5,0,1,0.0,1,1,1.0,1,3,4,1,0,2,1,3,3,-1,Zeke Nnaji
HOU,W,18,2,4,0.5,0,0,0.0,3,4,0.75,2,1,3,0,0,1,0,2,7,-17,Zeke Nnaji
@LAC,W,12,3,8,0.375,0,0,0.0,2,5,0.4,7,0,7,0,0,3,1,2,8,-13,Zeke Nnaji
SAS,W,1,0,0,0.0,0,0,0.0,0,0,0.0,0,0,0,0,0,0,0,2,0,-2,Zeke Nnaji
@HOU,L,4,0,1,0.0,0,0,0.0,0,0,0.0,0,0,0,0,0,0,1,0,0,0,Zeke Nnaji
@ORL,L,12,1,2,0.5,0,0,0.0,1,2,0.5,1,0,1,2,0,0,0,1,3,-9,Zeke Nnaji
@DET,W,14,2,3,0.667,1,1,1.0,2,3,0.667,1,0,1,0,1,1,1,3,7,2,Zeke Nnaji
@CLE,L,14,3,4,0.75,1,1,1.0,2,2,1.0,3,1,4,1,0,0,1,2,9,7,Zeke Nnaji
@NOP,L,4,0,1,0.0,0,0,0.0,0,0,0.0,0,0,0,0,0,0,2,2,0,-10,Zeke Nnaji
LAC,W,12,1,2,0.5,0,0,0.0,1,2,0.5,1,2,3,0,0,0,0,1,3,0,Zeke Nnaji
@HOU,L,11,1,4,0.25,0,1,0.0,0,0,0.0,2,2,4,0,0,0,0,0,2,-18,Zeke Nnaji
GSW,W,6,0,1,0.0,0,0,0.0,0,0,0.0,0,2,2,2,0,0,0,0,0,-3,Zeke Nnaji
NOP,W,6,0,0,0.0,0,0,0.0,0,0,0.0,1,1,2,1,0,1,1,2,0,-6,Zeke Nnaji
CHI,W,2,0,0,0.0,0,0,0.0,1,2,0.5,0,1,1,0,0,0,0,1,1,-1,Zeke Nnaji
DAL,W,12,2,2,1.0,0,0,0.0,0,1,0.0,1,3,4,0,0,0,1,0,4,-4,Zeke Nnaji
@MIN,L,18,4,9,0.444,1,3,0.333,0,0,0.0,2,3,5,0,0,2,0,3,9,-6,Zeke Nnaji
UTA,W,13,2,2,1.0,0,0,0.0,2,3,0.667,1,2,3,0,2,0,0,0,6,-5,Zeke Nnaji
@OKC,W,15,0,1,0.0,0,0,0.0,0,0,0.0,1,2,3,1,0,0,0,2,0,12,Zeke Nnaji
@MEM,W,13,3,4,0.75,0,0,0.0,1,2,0.5,0,1,1,0,0,2,1,1,7,-2,Zeke Nnaji
LAL,W,12,1,3,0.333,0,1,0.0,2,2,1.0,0,0,0,1,0,0,1,2,4,-3,Zeke Nnaji
SAC,W,4,0,1,0.0,0,1,0.0,0,0,0.0,0,0,0,1,0,0,1,2,0,-1,Jalen Pickett
@GSW,W,2,0,0,0.0,0,0,0.0,0,0,0.0,0,0,0,0,0,0,0,0,0,2,Jalen Pickett
@POR,W,2,0,1,0.0,0,1,0.0,1,2,0.5,0,0,0,0,0,0,0,1,1,-7,Jalen Pickett
WAS,W,2,0,0,0.0,0,0,0.0,0,0,0.0,0,0,0,1,0,0,0,0,0,-3,Jalen Pickett
@NYK,L,7,1,3,0.333,0,2,0.0,0,0,0.0,0,0,0,2,0,0,0,0,2,-1,Jalen Pickett
CHA,W,4,0,1,0.0,0,1,0.0,0,0,0.0,0,0,0,0,0,0,0,0,0,-6,Jalen Pickett
OKC,L,3,0,1,0.0,0,0,0.0,0,0,0.0,0,0,0,0,0,0,0,1,0,-6,Jalen Pickett
MEM,W,6,1,2,0.5,1,2,0.5,0,0,0.0,0,1,1,2,0,0,0,0,3,3,Jalen Pickett
BKN,W,2,1,1,1.0,1,1,1.0,0,0,0.0,0,0,0,1,0,0,0,0,3,6,Jalen Pickett
HOU,W,3,0,1,0.0,0,1,0.0,0,0,0.0,0,0,0,0,0,0,0,0,0,-9,Jalen Pickett
SAS,W,2,0,0,0.0,0,0,0.0,0,0,0.0,0,0,0,0,0,0,1,1,0,-4,Jalen Pickett
@ORL,L,8,0,4,0.0,0,3,0.0,0,0,0.0,0,1,1,0,0,0,1,0,0,1,Jalen Pickett
@DET,W,7,1,1,1.0,0,0,0.0,0,0,0.0,1,1,2,1,1,0,0,1,2,1,Jalen Pickett
@CLE,L,19,2,4,0.5,2,3,0.667,2,2,1.0,0,2,2,3,1,0,1,0,8,7,Jalen Pickett
@NOP,L,10,0,2,0.0,0,2,0.0,0,0,0.0,0,1,1,1,0,0,1,2,0,9,Jalen Pickett
LAC,W,17,2,3,0.667,1,2,0.5,0,0,0.0,0,2,2,2,1,0,2,2,5,-4,Jalen Pickett
NOP,W,1,1,1,1.0,1,1,1.0,0,0,0.0,0,0,0,0,0,0,0,0,3,3,Jalen Pickett
CHI,W,2,1,1,1.0,1,1,1.0,0,0,0.0,0,0,0,0,0,0,0,0,3,-1,Jalen Pickett
@MIN,L,5,1,2,0.5,0,1,0.0,0,0,0.0,0,2,2,0,0,0,0,1,2,0,Jalen Pickett
LAL,W,1,1,1,1.0,0,0,0.0,0,0,0.0,0,0,0,0,0,0,0,0,2,0,Jalen Pickett
@LAL,W,38,11,23,0.478,1,5,0.2,1,2,0.5,0,6,6,11,1,0,2,2,24,6,Jamal Murray
MIA,W,14,2,6,0.333,2,3,0.667,0,0,0.0,0,1,1,3,0,0,1,1,6,7,Jamal Murray
SAC,W,33,13,15,0.867,5,6,0.833,1,1,1.0,0,3,3,6,1,0,5,0,32,7,Jamal Murray
@GSW,W,36,9,16,0.563,3,5,0.6,6,6,1.0,1,3,4,3,0,1,4,3,27,18,Jamal Murray
WAS,W,31,9,17,0.529,0,3,0.0,0,0,0.0,0,4,4,8,3,2,1,1,18,16,Jamal Murray
@MIL,L,18,1,5,0.2,1,3,0.333,0,0,0.0,0,2,2,0,0,0,2,0,3,-18,Jamal Murray
@SAC,L,26,4,10,0.4,2,5,0.4,2,3,0.667,0,1,1,3,1,0,6,1,12,-21,Jamal Murray
@LAL,W,36,12,25,0.48,5,9,0.556,0,0,0.0,0,7,7,11,2,0,3,2,29,17,Jamal Murray
POR,W,34,8,16,0.5,4,6,0.667,1,2,0.5,2,3,5,10,1,2,1,2,21,16,Jamal Murray
POR,W,33,5,21,0.238,3,15,0.2,0,0,0.0,4,5,9,10,0,2,2,1,13,9,Jamal Murray
@OKC,L,39,6,14,0.429,2,3,0.667,2,2,1.0,1,2,3,4,0,2,0,3,16,1,Jamal Murray
MIL,W,36,13,22,0.591,0,2,0.0,9,10,0.9,1,1,2,5,2,0,2,1,35,-3,Jamal Murray
PHI,W,37,8,15,0.533,6,10,0.6,1,4,0.25,0,3,3,7,1,1,2,1,23,13,Jamal Murray
@NYK,L,30,3,11,0.273,1,3,0.333,2,3,0.667,0,2,2,7,0,0,3,1,9,-29,Jamal Murray
@IND,W,37,11,24,0.458,3,9,0.333,6,6,1.0,2,6,8,7,0,0,3,1,31,17,Jamal Murray
@WAS,W,39,7,23,0.304,3,8,0.375,2,2,1.0,1,4,5,7,0,0,1,2,19,4,Jamal Murray
@BOS,W,37,15,21,0.714,3,7,0.429,2,3,0.667,0,8,8,5,0,0,1,3,35,-7,Jamal Murray
@PHI,L,38,7,16,0.438,1,3,0.333,2,2,1.0,1,2,3,10,0,1,2,0,17,-5,Jamal Murray
IND,W,36,11,18,0.611,1,4,0.25,2,4,0.5,0,1,1,8,1,0,5,3,25,-5,Jamal Murray
NOP,W,34,8,15,0.533,3,5,0.6,1,1,1.0,0,2,2,9,0,0,2,3,20,18,Jamal Murray
@UTA,L,31,6,15,0.4,1,5,0.2,4,4,1.0,0,1,1,6,1,2,4,3,17,-27,Jamal Murray
DET,W,30,14,24,0.583,3,8,0.375,6,7,0.857,2,3,5,4,1,1,1,4,37,11,Jamal Murray
ORL,L,33,9,23,0.391,0,6,0.0,2,2,1.0,1,6,7,9,1,0,3,3,20,-5,Jamal Murray
@GSW,W,32,8,16,0.5,1,6,0.167,8,9,0.889,0,2,2,6,2,0,0,4,25,9,Jamal Murray
CHA,W,27,7,16,0.438,5,9,0.556,6,7,0.857,0,3,3,7,2,1,2,1,25,26,Jamal Murray
OKC,L,36,4,15,0.267,1,6,0.167,0,1,0.0,0,3,3,11,1,1,2,1,9,-20,Jamal Murray
MEM,W,26,9,12,0.75,4,6,0.667,1,1,1.0,2,1,3,9,2,0,1,0,23,19,Jamal Murray
GSW,W,33,10,18,0.556,3,5,0.6,5,5,1.0,1,4,5,3,2,0,2,4,28,20,Jamal Murray
@CHA,W,33,8,19,0.421,2,6,0.333,2,2,1.0,2,10,12,5,3,0,1,1,20,7,Jamal Murray
@BKN,W,34,11,19,0.579,4,6,0.667,6,8,0.75,1,4,5,9,0,2,1,0,32,18,Jamal Murray
@TOR,W,32,9,22,0.409,2,7,0.286,0,0,0.0,1,4,5,6,1,2,2,2,20,12,Jamal Murray
DAL,W,25,8,14,0.571,4,4,1.0,2,2,1.0,0,4,4,2,1,1,2,1,22,18,Jamal Murray
OKC,L,28,5,13,0.385,0,6,0.0,5,5,1.0,1,1,2,5,0,0,1,4,15,-3,Jamal Murray
BKN,W,22,7,15,0.467,2,4,0.5,0,0,0.0,0,1,1,2,3,1,0,2,16,9,Jamal Murray
@ATL,W,29,12,15,0.8,4,5,0.8,1,1,1.0,1,8,9,4,1,2,6,1,29,14,Jamal Murray
HOU,L,32,6,17,0.353,4,8,0.5,5,5,1.0,0,5,5,3,0,0,1,2,21,4,Jamal Murray
@LAC,L,29,10,18,0.556,2,7,0.286,1,1,1.0,0,0,0,6,1,1,1,4,23,2,Jamal Murray
HOU,W,22,4,14,0.286,3,8,0.375,5,5,1.0,0,6,6,6,0,0,0,2,16,14,Jamal Murray
CHI,W,10,1,3,0.333,0,0,0.0,0,0,0.0,0,2,2,0,0,0,0,0,2,-2,Jamal Murray
DAL,W,39,5,15,0.333,2,6,0.333,6,6,1.0,0,2,2,13,1,0,2,4,18,2,Jamal Murray
@MIN,L,32,5,16,0.313,1,4,0.25,3,5,0.6,2,4,6,6,1,1,3,3,14,-17,Jamal Murray
UTA,W,37,7,19,0.368,3,7,0.429,1,2,0.5,0,3,3,14,0,2,3,0,18,-5,Jamal Murray
@OKC,W,30,9,14,0.643,1,1,1.0,0,0,0.0,1,1,2,8,0,0,4,1,19,22,Jamal Murray
@MEM,W,34,7,17,0.412,4,9,0.444,4,4,1.0,0,1,1,5,0,1,3,2,22,8,Jamal Murray
LAL,W,34,8,13,0.615,3,5,0.6,2,2,1.0,0,2,2,6,0,1,1,3,21,3,Jamal Murray
SAC,W,4,1,1,1.0,1,1,1.0,0,0,0.0,0,2,2,0,0,0,0,0,3,-1,Jay Huff
@GSW,W,2,0,0,0.0,0,0,0.0,2,2,1.0,1,1,2,0,0,0,0,0,2,2,Jay Huff
@POR,W,2,0,1,0.0,0,1,0.0,0,0,0.0,0,0,0,0,0,0,0,0,0,-7,Jay Huff
WAS,W,4,1,2,0.5,0,1,0.0,0,0,0.0,0,2,2,0,0,0,0,2,2,-4,Jay Huff
@SAC,L,4,1,1,1.0,1,1,1.0,0,0,0.0,0,2,2,0,0,0,0,0,3,-1,Jay Huff
POR,W,1,0,0,0.0,0,0,0.0,0,0,0.0,0,0,0,0,1,0,0,0,0,2,Jay Huff
@NYK,L,5,1,2,0.5,1,2,0.5,0,0,0.0,0,0,0,0,0,0,0,2,3,-3,Jay Huff
NOP,W,2,0,0,0.0,0,0,0.0,0,0,0.0,0,1,1,0,0,0,0,1,0,-6,Jay Huff
@UTA,L,6,1,2,0.5,0,1,0.0,0,0,0.0,0,0,0,1,0,0,1,1,2,12,Jay Huff
DET,W,2,0,1,0.0,0,1,0.0,0,0,0.0,0,0,0,0,0,0,0,1,0,-6,Jay Huff
@LAC,W,0,0,0,0.0,0,0,0.0,0,0,0.0,0,0,0,0,0,0,0,0,0,0,Jay Huff
SAS,W,2,1,1,1.0,0,0,0.0,0,0,0.0,0,0,0,0,0,0,0,0,2,-4,Jay Huff
@LAL,W,35,8,16,0.5,1,4,0.25,1,1,1.0,5,4,9,5,1,0,1,2,18,10,Aaron Gordon
MIA,W,37,5,8,0.625,0,0,0.0,6,6,1.0,2,7,9,3,3,1,4,2,16,-2,Aaron Gordon
SAC,W,24,7,8,0.875,0,1,0.0,3,4,0.75,1,5,6,6,0,0,0,0,17,40,Aaron Gordon
@GSW,W,33,7,10,0.7,0,3,0.0,3,5,0.6,2,4,6,2,3,1,2,4,17,21,Aaron Gordon
@POR,W,28,4,5,0.8,0,1,0.0,0,2,0.0,0,2,2,7,2,1,3,1,8,23,Aaron Gordon
WAS,W,21,7,12,0.583,0,2,0.0,3,3,1.0,0,2,2,4,1,0,3,4,17,20,Aaron Gordon
SAC,L,33,8,15,0.533,1,2,0.5,8,8,1.0,3,12,15,2,0,0,4,0,25,1,Aaron Gordon
@MIL,L,28,6,11,0.545,2,4,0.5,0,0,0.0,1,6,7,2,1,2,1,2,14,1,Aaron Gordon
@SAC,L,27,5,8,0.625,1,2,0.5,3,6,0.5,2,1,3,2,0,1,2,0,14,-28,Aaron Gordon
@LAL,W,32,5,8,0.625,0,2,0.0,1,2,0.5,0,4,4,3,2,1,1,1,11,18,Aaron Gordon
POR,W,30,4,8,0.5,0,1,0.0,4,4,1.0,3,4,7,2,0,0,0,3,12,-3,Aaron Gordon
POR,W,28,7,9,0.778,1,1,1.0,3,3,1.0,2,2,4,5,0,0,3,4,18,20,Aaron Gordon
@OKC,L,39,7,16,0.438,1,3,0.333,1,6,0.167,4,9,13,7,1,4,1,2,16,7,Aaron Gordon
MIL,W,25,2,6,0.333,1,2,0.5,3,4,0.75,2,4,6,2,0,1,2,6,8,-9,Aaron Gordon
PHI,W,31,6,8,0.75,2,3,0.667,4,6,0.667,2,2,4,2,1,0,1,1,18,6,Aaron Gordon
@NYK,L,30,5,10,0.5,0,1,0.0,2,2,1.0,1,4,5,2,1,0,1,2,12,-28,Aaron Gordon
@IND,W,32,3,5,0.6,0,1,0.0,3,3,1.0,0,1,1,1,0,2,0,3,9,5,Aaron Gordon
@WAS,W,31,4,10,0.4,0,0,0.0,3,7,0.429,3,7,10,2,1,3,1,0,11,12,Aaron Gordon
@BOS,W,42,0,6,0.0,0,3,0.0,2,3,0.667,2,8,10,3,0,1,1,3,2,1,Aaron Gordon
@PHI,L,39,7,11,0.636,0,1,0.0,2,6,0.333,3,3,6,4,0,0,2,5,16,0,Aaron Gordon
IND,W,37,7,10,0.7,0,1,0.0,6,8,0.75,1,9,10,3,0,0,2,0,20,17,Aaron Gordon
NOP,W,31,7,12,0.583,0,2,0.0,1,3,0.333,3,2,5,2,0,0,2,2,15,9,Aaron Gordon
@UTA,L,29,5,6,0.833,2,2,1.0,0,0,0.0,2,3,5,4,1,0,2,4,12,-20,Aaron Gordon
DET,W,20,3,4,0.75,0,0,0.0,2,2,1.0,1,0,1,1,1,0,0,0,8,10,Aaron Gordon
ORL,L,36,5,8,0.625,2,4,0.5,4,5,0.8,3,5,8,3,0,0,1,4,16,-4,Aaron Gordon
@GSW,W,35,11,17,0.647,2,4,0.5,6,7,0.857,5,4,9,2,0,1,0,2,30,6,Aaron Gordon
CHA,W,25,4,5,0.8,1,1,1.0,1,2,0.5,1,1,2,0,1,1,0,0,10,29,Aaron Gordon
GSW,W,32,7,10,0.7,1,4,0.25,1,4,0.25,4,6,10,3,1,0,2,2,16,13,Aaron Gordon
@CHA,W,32,5,11,0.455,0,0,0.0,4,5,0.8,2,0,2,1,1,1,2,1,14,12,Aaron Gordon
@BKN,W,32,5,6,0.833,0,0,0.0,8,9,0.889,2,3,5,2,1,0,1,1,18,19,Aaron Gordon
@TOR,W,30,6,9,0.667,0,1,0.0,0,0,0.0,3,2,5,2,0,0,1,1,12,14,Aaron Gordon
DAL,W,24,7,9,0.778,2,3,0.667,5,6,0.833,1,4,5,5,1,0,0,1,21,18,Aaron Gordon
OKC,L,33,5,10,0.5,0,0,0.0,6,7,0.857,6,3,9,5,2,0,0,2,16,-7,Aaron Gordon
BKN,W,24,6,9,0.667,0,1,0.0,1,1,1.0,0,3,3,2,1,1,2,0,13,16,Aaron Gordon
@CHI,W,32,6,13,0.462,1,2,0.5,1,2,0.5,5,2,7,6,0,0,0,1,14,8,Aaron Gordon
@ATL,W,29,7,10,0.7,0,0,0.0,4,5,0.8,7,5,12,1,0,0,2,2,18,9,Aaron Gordon
HOU,L,22,1,5,0.2,0,2,0.0,1,5,0.2,1,5,6,3,0,0,1,1,3,-12,Aaron Gordon
@LAC,L,31,4,9,0.444,0,0,0.0,0,0,0.0,2,4,6,2,2,0,0,2,8,6,Aaron Gordon
@SAC,L,33,8,13,0.615,1,3,0.333,0,0,0.0,4,3,7,3,0,1,1,1,17,-11,Aaron Gordon
@HOU,L,39,0,12,0.0,0,4,0.0,2,4,0.5,3,4,7,2,0,0,1,1,2,-9,Aaron Gordon
@ORL,L,37,7,16,0.438,1,3,0.333,0,2,0.0,7,3,10,1,2,0,2,3,15,4,Aaron Gordon
@DET,W,37,4,11,0.364,0,1,0.0,3,4,0.75,5,4,9,7,1,0,2,1,11,-2,Aaron Gordon
@CLE,L,32,4,11,0.364,0,2,0.0,3,6,0.5,2,2,4,5,1,2,1,2,11,-18,Aaron Gordon
@NOP,L,39,7,14,0.5,0,4,0.0,0,3,0.0,1,7,8,2,1,0,0,4,14,1,Aaron Gordon
LAC,W,39,8,12,0.667,1,2,0.5,3,3,1.0,1,4,5,5,0,0,3,1,20,2,Aaron Gordon
@HOU,L,39,6,10,0.6,1,2,0.5,3,6,0.5,1,7,8,5,0,2,2,2,16,8,Aaron Gordon
GSW,W,34,5,14,0.357,1,2,0.5,3,4,0.75,4,7,11,3,3,1,2,2,14,12,Aaron Gordon
NOP,W,36,7,11,0.636,0,2,0.0,1,2,0.5,5,7,12,6,0,1,2,1,15,8,Aaron Gordon
CHI,W,35,4,9,0.444,1,3,0.333,6,8,0.75,3,9,12,5,2,1,3,2,15,26,Aaron Gordon
DAL,W,35,8,17,0.471,2,6,0.333,0,0,0.0,2,6,8,6,2,1,4,2,18,22,Aaron Gordon
@MIN,L,18,2,3,0.667,0,1,0.0,0,0,0.0,1,1,2,2,0,1,2,4,4,-13,Aaron Gordon
UTA,W,33,10,12,0.833,0,0,0.0,1,4,0.25,3,4,7,2,0,0,3,2,21,8,Aaron Gordon
@OKC,W,23,4,7,0.571,0,1,0.0,1,3,0.333,1,2,3,2,1,3,1,1,9,22,Aaron Gordon
@MEM,W,30,5,11,0.455,0,1,0.0,0,1,0.0,1,1,2,3,3,1,1,3,10,8,Aaron Gordon
LAL,W,35,7,11,0.636,1,2,0.5,0,0,0.0,2,5,7,5,2,1,0,0,15,6,Aaron Gordon
